"Table 210-06101 : Statistics on labour force, employment, unemployment and underemployment",,,,,,,,,,,,,,,,,,,,,,,,,,
 ,,,,,,,,,,,,,,,,,,,,,,,,,,
 , ,Labour force (1),Labour force (1),Labour force (1),Labour force (1),Labour force (1),Labour force (1),Labour force participation rate (2),Labour force participation rate (2),Labour force participation rate (2),Unemployed persons (3),Unemployed persons (3),Unemployed persons (3),Unemployment rate (4),Unemployment rate (4),Unemployment rate (4),Unemployment rate (seasonally adjusted) (5),Employed persons (6),Employed persons (6),Employed persons (6),Underemployed persons (7),Underemployed persons (7),Underemployed persons (7),Underemployment rate (8),Underemployment rate (8),Underemployment rate (8)
,,No. ('000),No. ('000),No. ('000),Year-on-year % change,Year-on-year % change,Year-on-year % change,(%),(%),(%),No. ('000),No. ('000),No. ('000),(%),(%),(%),(%),No. ('000),No. ('000),No. ('000),No. ('000),No. ('000),No. ('000),(%),(%),(%)
Sex,,Male,Female,Both sexes,Male,Female,Both sexes,Male,Female,Both sexes,Male,Female,Both sexes,Male,Female,Both sexes,Both sexes,Male,Female,Both sexes,Male,Female,Both sexes,Male,Female,Both sexes
Year / Moving 3-month period,,,,,,,,,,,,,,,,,,,,,,,,,,
1985,,1671.5,955.4,2626.9,N.A.,N.A.,N.A.,80.4,48.5,64.8,58.6,25.1,83.6,3.5,2.6,3.2,N.A.,1613.0,930.4,2543.3,32.7,16.7,49.4,2.0,1.7,1.9
1986,,1713.7,986.0,2699.7,2.5,3.2,2.8,80.5,48.9,65.1,51.1,24.9,76.1,3.0,2.5,2.8,N.A.,1662.6,961.0,2623.7,31.9,13.6,45.6,1.9,1.4,1.7
1987,,1727.5,1000.7,2728.2,0.8,1.5,1.1,80.3,48.7,64.9,29.7,17.6,47.4,1.7,1.8,1.7,N.A.,1697.8,983.1,2680.8,19.0,8.5,27.5,1.1,0.8,1.0
1988,,1754.1,1008.7,2762.8,1.5,0.8,1.3,80.1,48.4,64.7,24.0,13.7,37.7,1.4,1.4,1.4,N.A.,1730.1,994.9,2725.0,13.6,5.7,19.4,0.8,0.6,0.7
1989,,1750.6,1002.2,2752.8,-0.2,-0.6,-0.4,79.5,47.3,63.7,19.1,10.6,29.7,1.1,1.1,1.1,N.A.,1731.5,991.6,2723.1,15.4,5.5,20.9,0.9,0.5,0.8
1990,,1747.9,1000.2,2748.1,-0.2,-0.2,-0.2,79.1,46.8,63.2,23.2,13.3,36.6,1.3,1.3,1.3,N.A.,1724.7,986.9,2711.5,15.8,7.6,23.4,0.9,0.8,0.9
1991,,1756.1,1048.0,2804.1,0.5,4.8,2.0,78.9,47.9,63.5,33.8,16.6,50.4,1.9,1.6,1.8,N.A.,1722.3,1031.4,2753.7,33.5,11.1,44.6,1.9,1.1,1.6
1992,,1766.0,1026.3,2792.3,0.6,-2.1,-0.4,78.1,46.3,62.4,35.3,19.4,54.7,2.0,1.9,2.0,N.A.,1730.7,1006.9,2737.6,43.9,14.3,58.3,2.5,1.4,2.1
1993,,1794.7,1061.7,2856.4,1.6,3.5,2.3,78.2,46.4,62.3,35.8,20.6,56.3,2.0,1.9,2.0,N.A.,1758.9,1041.2,2800.1,35.0,10.9,45.9,1.9,1.0,1.6
1994,,1818.8,1110.2,2929.0,1.3,4.6,2.5,77.2,46.9,62.0,37.7,18.6,56.2,2.1,1.7,1.9,N.A.,1781.2,1091.6,2872.8,30.3,11.1,41.4,1.7,1.0,1.4
1995,,1840.5,1160.2,3000.7,1.2,4.5,2.4,76.6,47.6,62.0,62.3,33.3,95.6,3.4,2.9,3.2,N.A.,1778.2,1126.9,2905.1,50.7,12.0,62.8,2.8,1.0,2.1
1996 (9),,1924.7,1236.1,3160.8,N.A.,N.A.,N.A.,75.7,47.8,61.6,58.7,28.7,87.4,3.1,2.3,2.8,N.A.,1865.9,1207.4,3073.3,41.5,10.5,52.0,2.2,0.8,1.6
1997,,1954.9,1279.9,3234.8,1.6,3.5,2.3,75.1,47.9,61.3,45.2,26.0,71.2,2.3,2.0,2.2,N.A.,1909.7,1253.9,3163.6,28.4,8.8,37.1,1.5,0.7,1.1
1998,,1958.1,1318.0,3276.1,0.2,3.0,1.3,74.6,48.5,61.3,101.2,52.9,154.1,5.2,4.0,4.7,N.A.,1856.9,1265.1,3122.0,63.3,18.5,81.8,3.2,1.4,2.5
1999,,1957.1,1362.5,3319.6,-0.1,3.4,1.3,74.0,49.2,61.3,140.6,66.9,207.5,7.2,4.9,6.2,N.A.,1816.5,1295.6,3112.1,71.3,25.6,96.9,3.6,1.9,2.9
2000,,1964.0,1410.2,3374.2,0.4,3.5,1.6,73.5,49.9,61.4,109.6,57.3,166.9,5.6,4.1,4.9,N.A.,1854.5,1352.8,3207.3,67.5,26.1,93.5,3.4,1.8,2.8
2001,,1963.5,1463.8,3427.3,[§3],3.8,1.6,73.0,50.8,61.5,117.8,56.5,174.3,6.0,3.9,5.1,N.A.,1845.7,1407.3,3252.9,60.2,24.6,84.8,3.1,1.7,2.5
2002,,1958.1,1514.5,3472.6,-0.3,3.5,1.3,72.4,51.9,61.7,164.0,90.1,254.2,8.4,6.0,7.3,N.A.,1794.0,1424.4,3218.4,72.3,32.0,104.4,3.7,2.1,3.0
2003,,1944.2,1521.6,3465.8,-0.7,0.5,-0.2,72.0,51.7,61.4,180.0,95.3,275.2,9.3,6.3,7.9,N.A.,1764.3,1426.3,3190.6,80.0,41.9,121.9,4.1,2.8,3.5
2004,,1952.7,1560.1,3512.8,0.4,2.5,1.4,71.6,51.9,61.3,151.8,87.4,239.2,7.8,5.6,6.8,N.A.,1800.8,1472.7,3273.5,74.1,40.2,114.3,3.8,2.6,3.3
2005,,1950.1,1584.1,3534.2,-0.1,1.5,0.6,71.1,51.8,60.9,127.5,70.1,197.6,6.5,4.4,5.6,N.A.,1822.6,1514.0,3336.6,64.7,31.6,96.3,3.3,2.0,2.7
2006,,1950.6,1621.2,3571.8,[§3],2.3,1.1,70.9,52.6,61.2,110.2,60.8,171.1,5.7,3.8,4.8,N.A.,1840.4,1560.4,3400.8,60.0,26.2,86.3,3.1,1.6,2.4
2007,,1953.6,1668.7,3622.3,0.2,2.9,1.4,70.4,53.1,61.2,89.0,56.3,145.3,4.6,3.4,4.0,N.A.,1864.6,1612.4,3476.9,56.6,22.8,79.4,2.9,1.4,2.2
2008,,1944.0,1693.2,3637.2,-0.5,1.5,0.4,69.7,53.1,60.9,78.3,49.7,128.0,4.0,2.9,3.5,N.A.,1865.6,1643.5,3509.1,50.3,17.6,67.9,2.6,1.0,1.9
2009,,1944.5,1715.8,3660.3,[§3],1.3,0.6,69.4,53.2,60.8,118.3,74.4,192.6,6.1,4.3,5.3,N.A.,1826.2,1641.4,3467.6,60.0,23.8,83.8,3.1,1.4,2.3
2010,,1931.3,1700.0,3631.3,-0.7,-0.9,-0.8,68.5,51.9,59.6,97.6,59.5,157.2,5.1,3.5,4.3,N.A.,1833.7,1640.5,3474.1,49.3,23.2,72.5,2.6,1.4,2.0
2011,,1942.7,1760.4,3703.1,0.6,3.6,2.0,68.4,53.0,60.1,77.5,49.2,126.7,4.0,2.8,3.4,N.A.,1865.2,1711.2,3576.4,43.9,19.4,63.3,2.3,1.1,1.7
2012,,1970.9,1811.3,3782.2,1.5,2.9,2.1,68.7,53.5,60.5,74.3,49.9,124.3,3.8,2.8,3.3,N.A.,1896.6,1761.4,3658.0,41.8,15.4,57.2,2.1,0.9,1.5
2013,,1993.4,1861.8,3855.1,1.1,2.8,1.9,69.2,54.5,61.2,75.8,55.3,131.1,3.8,3.0,3.4,N.A.,1917.6,1806.5,3724.0,42.9,15.4,58.3,2.2,0.8,1.5
2014,,1989.7,1881.4,3871.1,-0.2,1.1,0.4,68.8,54.5,61.1,71.0,56.6,127.6,3.6,3.0,3.3,N.A.,1918.7,1824.8,3743.5,41.2,15.6,56.8,2.1,0.8,1.5
2015,,1997.2,1906.0,3903.2,0.4,1.3,0.8,68.8,54.7,61.1,68.7,60.7,129.4,3.4,3.2,3.3,N.A.,1928.5,1845.3,3773.8,39.5,13.8,53.3,2.0,0.7,1.4
2016,,1995.8,1924.3,3920.1,-0.1,1.0,0.4,68.6,54.8,61.1,73.7,59.3,133.0,3.7,3.1,3.4,N.A.,1922.1,1865.0,3787.1,39.4,15.2,54.7,2.0,0.8,1.4
2017,,1998.0,1958.0,3956.0,0.1,1.8,0.9,68.4,55.2,61.1,67.6,56.0,123.6,3.4,2.9,3.1,N.A.,1930.5,1902.0,3832.4,34.0,11.6,45.7,1.7,0.6,1.2
2018,,2014.9,1981.8,3996.8,0.8,1.2,1.0,68.6,55.3,61.3,64.1,48.0,112.1,3.2,2.4,2.8,N.A.,1950.8,1933.8,3884.6,32.2,11.0,43.2,1.6,0.6,1.1
2019,,1990.1,1997.6,3987.8,-1.2,0.8,-0.2,67.6,55.1,60.7,70.4,45.9,116.3,3.5,2.3,2.9,N.A.,1919.7,1951.7,3871.4,30.7,11.3,42.0,1.5,0.6,1.1
2020,,1954.6,1963.8,3918.5,-1.8,-1.7,-1.7,66.3,54.3,59.7,134.5,93.1,227.6,6.9,4.7,5.8,N.A.,1820.1,1870.8,3690.9,75.1,54.8,129.9,3.8,2.8,3.3
2021,,1923.1,1947.3,3870.4,-1.6,-0.8,-1.2,65.8,54.2,59.4,118.0,82.2,200.3,6.1,4.2,5.2,N.A.,1805.1,1865.1,3670.2,57.9,41.0,98.9,3.0,2.1,2.6
2022,,1886.0,1890.3,3776.3,-1.9,-2.9,-2.4,64.7,52.9,58.2,96.5,66.6,163.1,5.1,3.5,4.3,N.A.,1789.5,1823.7,3613.2,52.8,35.3,88.1,2.8,1.9,2.3
1/1985 - 3/1985,,1649.4,945.0,2594.4,N.A.,N.A.,N.A.,80.4,48.3,64.7,55.6,22.0,77.6,3.4,2.3,3.0,2.9,1593.8,923.0,2516.8,27.2,12.5,39.7,1.6,1.3,1.5
2/1985 - 4/1985,,N.A.,N.A.,N.A.,N.A.,N.A.,N.A.,N.A.,N.A.,N.A.,N.A.,N.A.,N.A.,N.A.,N.A.,N.A.,N.A.,N.A.,N.A.,N.A.,N.A.,N.A.,N.A.,N.A.,N.A.,N.A.
3/1985 - 5/1985,,N.A.,N.A.,N.A.,N.A.,N.A.,N.A.,N.A.,N.A.,N.A.,N.A.,N.A.,N.A.,N.A.,N.A.,N.A.,N.A.,N.A.,N.A.,N.A.,N.A.,N.A.,N.A.,N.A.,N.A.,N.A.
4/1985 - 6/1985,,1677.1,955.2,2632.2,N.A.,N.A.,N.A.,80.3,48.6,64.9,52.6,21.9,74.5,3.1,2.3,2.8,3.1,1624.5,933.3,2557.8,27.1,13.3,40.4,1.6,1.4,1.5
5/1985 - 7/1985,,N.A.,N.A.,N.A.,N.A.,N.A.,N.A.,N.A.,N.A.,N.A.,N.A.,N.A.,N.A.,N.A.,N.A.,N.A.,N.A.,N.A.,N.A.,N.A.,N.A.,N.A.,N.A.,N.A.,N.A.,N.A.
6/1985 - 8/1985,,N.A.,N.A.,N.A.,N.A.,N.A.,N.A.,N.A.,N.A.,N.A.,N.A.,N.A.,N.A.,N.A.,N.A.,N.A.,N.A.,N.A.,N.A.,N.A.,N.A.,N.A.,N.A.,N.A.,N.A.,N.A.
7/1985 - 9/1985,,1681.0,956.1,2637.1,N.A.,N.A.,N.A.,80.7,48.5,65.0,64.0,31.1,95.1,3.8,3.3,3.6,3.5,1617.0,925.0,2542.0,35.9,19.5,55.4,2.1,2.0,2.1
8/1985 - 10/1985,,N.A.,N.A.,N.A.,N.A.,N.A.,N.A.,N.A.,N.A.,N.A.,N.A.,N.A.,N.A.,N.A.,N.A.,N.A.,N.A.,N.A.,N.A.,N.A.,N.A.,N.A.,N.A.,N.A.,N.A.,N.A.
9/1985 - 11/1985,,N.A.,N.A.,N.A.,N.A.,N.A.,N.A.,N.A.,N.A.,N.A.,N.A.,N.A.,N.A.,N.A.,N.A.,N.A.,N.A.,N.A.,N.A.,N.A.,N.A.,N.A.,N.A.,N.A.,N.A.,N.A.
10/1985 - 12/1985,,1678.7,965.4,2644.1,N.A.,N.A.,N.A.,80.1,48.5,64.7,62.1,25.2,87.3,3.7,2.6,3.3,3.3,1616.6,940.2,2556.7,40.7,21.4,62.1,2.4,2.2,2.3
11/1985 - 1/1986,,N.A.,N.A.,N.A.,N.A.,N.A.,N.A.,N.A.,N.A.,N.A.,N.A.,N.A.,N.A.,N.A.,N.A.,N.A.,N.A.,N.A.,N.A.,N.A.,N.A.,N.A.,N.A.,N.A.,N.A.,N.A.
12/1985 - 2/1986,,N.A.,N.A.,N.A.,N.A.,N.A.,N.A.,N.A.,N.A.,N.A.,N.A.,N.A.,N.A.,N.A.,N.A.,N.A.,N.A.,N.A.,N.A.,N.A.,N.A.,N.A.,N.A.,N.A.,N.A.,N.A.
1/1986 - 3/1986,,1697.2,958.8,2656.0,2.9,1.5,2.4,79.8,48.3,64.6,57.6,25.6,83.2,3.4,2.7,3.1,3.1,1639.6,933.2,2572.7,41.2,20.6,61.7,2.4,2.1,2.3
2/1986 - 4/1986,,N.A.,N.A.,N.A.,N.A.,N.A.,N.A.,N.A.,N.A.,N.A.,N.A.,N.A.,N.A.,N.A.,N.A.,N.A.,N.A.,N.A.,N.A.,N.A.,N.A.,N.A.,N.A.,N.A.,N.A.,N.A.
3/1986 - 5/1986,,N.A.,N.A.,N.A.,N.A.,N.A.,N.A.,N.A.,N.A.,N.A.,N.A.,N.A.,N.A.,N.A.,N.A.,N.A.,N.A.,N.A.,N.A.,N.A.,N.A.,N.A.,N.A.,N.A.,N.A.,N.A.
4/1986 - 6/1986,,1707.0,997.9,2704.9,1.8,4.5,2.8,80.4,49.7,65.4,54.3,26.6,80.9,3.2,2.7,3.0,3.2,1652.7,971.3,2624.0,38.6,13.5,52.1,2.3,1.4,1.9
5/1986 - 7/1986,,N.A.,N.A.,N.A.,N.A.,N.A.,N.A.,N.A.,N.A.,N.A.,N.A.,N.A.,N.A.,N.A.,N.A.,N.A.,N.A.,N.A.,N.A.,N.A.,N.A.,N.A.,N.A.,N.A.,N.A.,N.A.
6/1986 - 8/1986,,N.A.,N.A.,N.A.,N.A.,N.A.,N.A.,N.A.,N.A.,N.A.,N.A.,N.A.,N.A.,N.A.,N.A.,N.A.,N.A.,N.A.,N.A.,N.A.,N.A.,N.A.,N.A.,N.A.,N.A.,N.A.
7/1986 - 9/1986,,1728.6,990.0,2718.6,2.8,3.5,3.1,81.3,48.8,65.4,53.3,28.0,81.2,3.1,2.8,3.0,2.9,1675.3,962.0,2637.3,25.6,10.9,36.5,1.5,1.1,1.3
8/1986 - 10/1986,,N.A.,N.A.,N.A.,N.A.,N.A.,N.A.,N.A.,N.A.,N.A.,N.A.,N.A.,N.A.,N.A.,N.A.,N.A.,N.A.,N.A.,N.A.,N.A.,N.A.,N.A.,N.A.,N.A.,N.A.,N.A.
9/1986 - 11/1986,,N.A.,N.A.,N.A.,N.A.,N.A.,N.A.,N.A.,N.A.,N.A.,N.A.,N.A.,N.A.,N.A.,N.A.,N.A.,N.A.,N.A.,N.A.,N.A.,N.A.,N.A.,N.A.,N.A.,N.A.,N.A.
10/1986 - 12/1986,,1722.1,997.3,2719.4,2.6,3.3,2.9,80.5,48.8,65.0,39.3,19.6,58.9,2.3,2.0,2.2,2.1,1682.8,977.7,2660.6,22.3,9.5,31.8,1.3,0.9,1.2
11/1986 - 1/1987,,N.A.,N.A.,N.A.,N.A.,N.A.,N.A.,N.A.,N.A.,N.A.,N.A.,N.A.,N.A.,N.A.,N.A.,N.A.,N.A.,N.A.,N.A.,N.A.,N.A.,N.A.,N.A.,N.A.,N.A.,N.A.
12/1986 - 2/1987,,N.A.,N.A.,N.A.,N.A.,N.A.,N.A.,N.A.,N.A.,N.A.,N.A.,N.A.,N.A.,N.A.,N.A.,N.A.,N.A.,N.A.,N.A.,N.A.,N.A.,N.A.,N.A.,N.A.,N.A.,N.A.
1/1987 - 3/1987,,1703.7,958.0,2661.7,0.4,-0.1,0.2,80.2,47.3,64.2,33.5,17.2,50.6,2.0,1.8,1.9,2.0,1670.2,940.8,2611.1,18.5,6.9,25.4,1.1,0.7,1.0
2/1987 - 4/1987,,N.A.,N.A.,N.A.,N.A.,N.A.,N.A.,N.A.,N.A.,N.A.,N.A.,N.A.,N.A.,N.A.,N.A.,N.A.,N.A.,N.A.,N.A.,N.A.,N.A.,N.A.,N.A.,N.A.,N.A.,N.A.
3/1987 - 5/1987,,N.A.,N.A.,N.A.,N.A.,N.A.,N.A.,N.A.,N.A.,N.A.,N.A.,N.A.,N.A.,N.A.,N.A.,N.A.,N.A.,N.A.,N.A.,N.A.,N.A.,N.A.,N.A.,N.A.,N.A.,N.A.
4/1987 - 6/1987,,1724.7,991.6,2716.3,1.0,-0.6,0.4,80.0,48.3,64.5,25.1,16.1,41.2,1.5,1.6,1.5,1.7,1699.6,975.5,2675.1,19.4,10.0,29.4,1.1,1.0,1.1
5/1987 - 7/1987,,N.A.,N.A.,N.A.,N.A.,N.A.,N.A.,N.A.,N.A.,N.A.,N.A.,N.A.,N.A.,N.A.,N.A.,N.A.,N.A.,N.A.,N.A.,N.A.,N.A.,N.A.,N.A.,N.A.,N.A.,N.A.
6/1987 - 8/1987,,N.A.,N.A.,N.A.,N.A.,N.A.,N.A.,N.A.,N.A.,N.A.,N.A.,N.A.,N.A.,N.A.,N.A.,N.A.,N.A.,N.A.,N.A.,N.A.,N.A.,N.A.,N.A.,N.A.,N.A.,N.A.
7/1987 - 9/1987,,1735.1,1016.8,2751.9,0.4,2.7,1.2,80.5,49.3,65.2,30.4,19.5,49.9,1.8,1.9,1.8,1.6,1704.7,997.3,2702.0,19.0,7.8,26.8,1.1,0.8,1.0
8/1987 - 10/1987,,N.A.,N.A.,N.A.,N.A.,N.A.,N.A.,N.A.,N.A.,N.A.,N.A.,N.A.,N.A.,N.A.,N.A.,N.A.,N.A.,N.A.,N.A.,N.A.,N.A.,N.A.,N.A.,N.A.,N.A.,N.A.
9/1987 - 11/1987,,N.A.,N.A.,N.A.,N.A.,N.A.,N.A.,N.A.,N.A.,N.A.,N.A.,N.A.,N.A.,N.A.,N.A.,N.A.,N.A.,N.A.,N.A.,N.A.,N.A.,N.A.,N.A.,N.A.,N.A.,N.A.
10/1987 - 12/1987,,1746.5,1036.4,2782.9,1.4,3.9,2.3,80.4,50.0,65.6,29.9,17.7,47.7,1.7,1.7,1.7,1.7,1716.5,1018.7,2735.2,19.2,9.2,28.4,1.1,0.9,1.0
11/1987 - 1/1988,,N.A.,N.A.,N.A.,N.A.,N.A.,N.A.,N.A.,N.A.,N.A.,N.A.,N.A.,N.A.,N.A.,N.A.,N.A.,N.A.,N.A.,N.A.,N.A.,N.A.,N.A.,N.A.,N.A.,N.A.,N.A.
12/1987 - 2/1988,,N.A.,N.A.,N.A.,N.A.,N.A.,N.A.,N.A.,N.A.,N.A.,N.A.,N.A.,N.A.,N.A.,N.A.,N.A.,N.A.,N.A.,N.A.,N.A.,N.A.,N.A.,N.A.,N.A.,N.A.,N.A.
1/1988 - 3/1988,,1736.3,1003.0,2739.3,1.9,4.7,2.9,79.8,48.3,64.4,24.1,12.8,36.9,1.4,1.3,1.3,1.4,1712.2,990.2,2702.4,16.9,8.2,25.1,1.0,0.8,0.9
2/1988 - 4/1988,,N.A.,N.A.,N.A.,N.A.,N.A.,N.A.,N.A.,N.A.,N.A.,N.A.,N.A.,N.A.,N.A.,N.A.,N.A.,N.A.,N.A.,N.A.,N.A.,N.A.,N.A.,N.A.,N.A.,N.A.,N.A.
3/1988 - 5/1988,,N.A.,N.A.,N.A.,N.A.,N.A.,N.A.,N.A.,N.A.,N.A.,N.A.,N.A.,N.A.,N.A.,N.A.,N.A.,N.A.,N.A.,N.A.,N.A.,N.A.,N.A.,N.A.,N.A.,N.A.,N.A.
4/1988 - 6/1988,,1753.2,992.5,2745.7,1.7,0.1,1.1,79.6,48.0,64.3,27.7,15.2,42.8,1.6,1.5,1.6,1.7,1725.6,977.3,2702.9,13.6,5.2,18.8,0.8,0.5,0.7
5/1988 - 7/1988,,N.A.,N.A.,N.A.,N.A.,N.A.,N.A.,N.A.,N.A.,N.A.,N.A.,N.A.,N.A.,N.A.,N.A.,N.A.,N.A.,N.A.,N.A.,N.A.,N.A.,N.A.,N.A.,N.A.,N.A.,N.A.
6/1988 - 8/1988,,N.A.,N.A.,N.A.,N.A.,N.A.,N.A.,N.A.,N.A.,N.A.,N.A.,N.A.,N.A.,N.A.,N.A.,N.A.,N.A.,N.A.,N.A.,N.A.,N.A.,N.A.,N.A.,N.A.,N.A.,N.A.
7/1988 - 9/1988,,1766.9,1008.4,2775.4,1.8,-0.8,0.9,80.5,48.5,65.0,25.8,14.9,40.7,1.5,1.5,1.5,1.3,1741.1,993.6,2734.7,10.4,4.9,15.3,0.6,0.5,0.6
8/1988 - 10/1988,,N.A.,N.A.,N.A.,N.A.,N.A.,N.A.,N.A.,N.A.,N.A.,N.A.,N.A.,N.A.,N.A.,N.A.,N.A.,N.A.,N.A.,N.A.,N.A.,N.A.,N.A.,N.A.,N.A.,N.A.,N.A.
9/1988 - 11/1988,,N.A.,N.A.,N.A.,N.A.,N.A.,N.A.,N.A.,N.A.,N.A.,N.A.,N.A.,N.A.,N.A.,N.A.,N.A.,N.A.,N.A.,N.A.,N.A.,N.A.,N.A.,N.A.,N.A.,N.A.,N.A.
10/1988 - 12/1988,,1759.9,1030.9,2790.8,0.8,-0.5,0.3,80.6,48.8,64.9,18.4,12.2,30.6,1.0,1.2,1.1,1.1,1741.5,1018.7,2760.2,13.6,4.7,18.3,0.8,0.5,0.7
11/1988 - 1/1989,,N.A.,N.A.,N.A.,N.A.,N.A.,N.A.,N.A.,N.A.,N.A.,N.A.,N.A.,N.A.,N.A.,N.A.,N.A.,N.A.,N.A.,N.A.,N.A.,N.A.,N.A.,N.A.,N.A.,N.A.,N.A.
12/1988 - 2/1989,,N.A.,N.A.,N.A.,N.A.,N.A.,N.A.,N.A.,N.A.,N.A.,N.A.,N.A.,N.A.,N.A.,N.A.,N.A.,N.A.,N.A.,N.A.,N.A.,N.A.,N.A.,N.A.,N.A.,N.A.,N.A.
1/1989 - 3/1989,,1751.3,1010.1,2761.4,0.9,0.7,0.8,79.9,47.8,64.1,18.0,9.0,27.0,1.0,0.9,1.0,1.1,1733.3,1001.0,2734.3,14.9,6.1,21.0,0.9,0.6,0.8
2/1989 - 4/1989,,N.A.,N.A.,N.A.,N.A.,N.A.,N.A.,N.A.,N.A.,N.A.,N.A.,N.A.,N.A.,N.A.,N.A.,N.A.,N.A.,N.A.,N.A.,N.A.,N.A.,N.A.,N.A.,N.A.,N.A.,N.A.
3/1989 - 5/1989,,N.A.,N.A.,N.A.,N.A.,N.A.,N.A.,N.A.,N.A.,N.A.,N.A.,N.A.,N.A.,N.A.,N.A.,N.A.,N.A.,N.A.,N.A.,N.A.,N.A.,N.A.,N.A.,N.A.,N.A.,N.A.
4/1989 - 6/1989,,1746.3,989.6,2736.0,-0.4,-0.3,-0.4,79.2,46.8,63.3,19.1,11.7,30.8,1.1,1.2,1.1,1.1,1727.2,977.9,2705.1,15.9,6.7,22.6,0.9,0.7,0.8
5/1989 - 7/1989,,N.A.,N.A.,N.A.,N.A.,N.A.,N.A.,N.A.,N.A.,N.A.,N.A.,N.A.,N.A.,N.A.,N.A.,N.A.,N.A.,N.A.,N.A.,N.A.,N.A.,N.A.,N.A.,N.A.,N.A.,N.A.
6/1989 - 8/1989,,N.A.,N.A.,N.A.,N.A.,N.A.,N.A.,N.A.,N.A.,N.A.,N.A.,N.A.,N.A.,N.A.,N.A.,N.A.,N.A.,N.A.,N.A.,N.A.,N.A.,N.A.,N.A.,N.A.,N.A.,N.A.
7/1989 - 9/1989,,1746.1,996.6,2742.6,-1.2,-1.2,-1.2,79.4,47.3,63.7,19.4,13.2,32.5,1.1,1.3,1.2,1.1,1726.7,983.4,2710.1,13.4,3.9,17.3,0.8,0.4,0.6
8/1989 - 10/1989,,N.A.,N.A.,N.A.,N.A.,N.A.,N.A.,N.A.,N.A.,N.A.,N.A.,N.A.,N.A.,N.A.,N.A.,N.A.,N.A.,N.A.,N.A.,N.A.,N.A.,N.A.,N.A.,N.A.,N.A.,N.A.
9/1989 - 11/1989,,N.A.,N.A.,N.A.,N.A.,N.A.,N.A.,N.A.,N.A.,N.A.,N.A.,N.A.,N.A.,N.A.,N.A.,N.A.,N.A.,N.A.,N.A.,N.A.,N.A.,N.A.,N.A.,N.A.,N.A.,N.A.
10/1989 - 12/1989,,1758.9,1012.4,2771.3,-0.1,-1.8,-0.7,79.7,47.4,63.8,20.1,8.4,28.4,1.1,0.8,1.0,1.0,1738.8,1004.1,2742.9,17.4,5.2,22.6,1.0,0.5,0.8
11/1989 - 1/1990,,N.A.,N.A.,N.A.,N.A.,N.A.,N.A.,N.A.,N.A.,N.A.,N.A.,N.A.,N.A.,N.A.,N.A.,N.A.,N.A.,N.A.,N.A.,N.A.,N.A.,N.A.,N.A.,N.A.,N.A.,N.A.
12/1989 - 2/1990,,N.A.,N.A.,N.A.,N.A.,N.A.,N.A.,N.A.,N.A.,N.A.,N.A.,N.A.,N.A.,N.A.,N.A.,N.A.,N.A.,N.A.,N.A.,N.A.,N.A.,N.A.,N.A.,N.A.,N.A.,N.A.
1/1990 - 3/1990,,1745.4,998.1,2743.5,-0.3,-1.2,-0.6,79.4,46.8,63.4,23.5,14.4,37.9,1.3,1.4,1.4,1.5,1721.9,983.6,2705.6,13.2,4.9,18.1,0.8,0.5,0.7
2/1990 - 4/1990,,N.A.,N.A.,N.A.,N.A.,N.A.,N.A.,N.A.,N.A.,N.A.,N.A.,N.A.,N.A.,N.A.,N.A.,N.A.,N.A.,N.A.,N.A.,N.A.,N.A.,N.A.,N.A.,N.A.,N.A.,N.A.
3/1990 - 5/1990,,N.A.,N.A.,N.A.,N.A.,N.A.,N.A.,N.A.,N.A.,N.A.,N.A.,N.A.,N.A.,N.A.,N.A.,N.A.,N.A.,N.A.,N.A.,N.A.,N.A.,N.A.,N.A.,N.A.,N.A.,N.A.
4/1990 - 6/1990,,1756.6,981.2,2737.7,0.6,-0.9,0.1,79.1,46.2,63.0,23.3,12.7,36.0,1.3,1.3,1.3,1.3,1733.3,968.5,2701.8,17.9,7.9,25.8,1.0,0.8,0.9
5/1990 - 7/1990,,N.A.,N.A.,N.A.,N.A.,N.A.,N.A.,N.A.,N.A.,N.A.,N.A.,N.A.,N.A.,N.A.,N.A.,N.A.,N.A.,N.A.,N.A.,N.A.,N.A.,N.A.,N.A.,N.A.,N.A.,N.A.
6/1990 - 8/1990,,N.A.,N.A.,N.A.,N.A.,N.A.,N.A.,N.A.,N.A.,N.A.,N.A.,N.A.,N.A.,N.A.,N.A.,N.A.,N.A.,N.A.,N.A.,N.A.,N.A.,N.A.,N.A.,N.A.,N.A.,N.A.
7/1990 - 9/1990,,1739.0,997.5,2736.4,-0.4,0.1,-0.2,78.7,47.0,63.1,25.2,15.9,41.1,1.5,1.6,1.5,1.4,1713.7,981.6,2695.3,17.9,10.6,28.5,1.0,1.1,1.0
8/1990 - 10/1990,,N.A.,N.A.,N.A.,N.A.,N.A.,N.A.,N.A.,N.A.,N.A.,N.A.,N.A.,N.A.,N.A.,N.A.,N.A.,N.A.,N.A.,N.A.,N.A.,N.A.,N.A.,N.A.,N.A.,N.A.,N.A.
9/1990 - 11/1990,,N.A.,N.A.,N.A.,N.A.,N.A.,N.A.,N.A.,N.A.,N.A.,N.A.,N.A.,N.A.,N.A.,N.A.,N.A.,N.A.,N.A.,N.A.,N.A.,N.A.,N.A.,N.A.,N.A.,N.A.,N.A.
10/1990 - 12/1990,,1750.8,1023.9,2774.7,-0.5,1.1,0.1,79.2,47.4,63.4,21.0,10.2,31.2,1.2,1.0,1.1,1.2,1729.8,1013.7,2743.5,14.4,7.0,21.4,0.8,0.7,0.8
11/1990 - 1/1991,,N.A.,N.A.,N.A.,N.A.,N.A.,N.A.,N.A.,N.A.,N.A.,N.A.,N.A.,N.A.,N.A.,N.A.,N.A.,N.A.,N.A.,N.A.,N.A.,N.A.,N.A.,N.A.,N.A.,N.A.,N.A.
12/1990 - 2/1991,,N.A.,N.A.,N.A.,N.A.,N.A.,N.A.,N.A.,N.A.,N.A.,N.A.,N.A.,N.A.,N.A.,N.A.,N.A.,N.A.,N.A.,N.A.,N.A.,N.A.,N.A.,N.A.,N.A.,N.A.,N.A.
1/1991 - 3/1991,,1752.5,1030.0,2782.5,0.4,3.2,1.4,79.3,47.4,63.5,27.4,13.6,41.1,1.6,1.3,1.5,1.6,1725.0,1016.4,2741.4,30.4,12.6,43.0,1.7,1.2,1.5
2/1991 - 4/1991,,N.A.,N.A.,N.A.,N.A.,N.A.,N.A.,N.A.,N.A.,N.A.,N.A.,N.A.,N.A.,N.A.,N.A.,N.A.,N.A.,N.A.,N.A.,N.A.,N.A.,N.A.,N.A.,N.A.,N.A.,N.A.
3/1991 - 5/1991,,N.A.,N.A.,N.A.,N.A.,N.A.,N.A.,N.A.,N.A.,N.A.,N.A.,N.A.,N.A.,N.A.,N.A.,N.A.,N.A.,N.A.,N.A.,N.A.,N.A.,N.A.,N.A.,N.A.,N.A.,N.A.
4/1991 - 6/1991,,1743.1,1047.5,2790.6,-0.8,6.8,1.9,78.6,47.9,63.3,38.6,19.7,58.3,2.2,1.9,2.1,1.9,1704.5,1027.8,2732.3,36.5,10.2,46.7,2.1,1.0,1.7
5/1991 - 7/1991,,N.A.,N.A.,N.A.,N.A.,N.A.,N.A.,N.A.,N.A.,N.A.,N.A.,N.A.,N.A.,N.A.,N.A.,N.A.,N.A.,N.A.,N.A.,N.A.,N.A.,N.A.,N.A.,N.A.,N.A.,N.A.
6/1991 - 8/1991,,N.A.,N.A.,N.A.,N.A.,N.A.,N.A.,N.A.,N.A.,N.A.,N.A.,N.A.,N.A.,N.A.,N.A.,N.A.,N.A.,N.A.,N.A.,N.A.,N.A.,N.A.,N.A.,N.A.,N.A.,N.A.
7/1991 - 9/1991,,1758.2,1047.6,2805.8,1.1,5.0,2.5,78.6,48.2,63.6,35.4,19.0,54.5,2.0,1.8,1.9,1.8,1722.7,1028.6,2751.3,32.7,10.6,43.3,1.9,1.0,1.5
8/1991 - 10/1991,,N.A.,N.A.,N.A.,N.A.,N.A.,N.A.,N.A.,N.A.,N.A.,N.A.,N.A.,N.A.,N.A.,N.A.,N.A.,N.A.,N.A.,N.A.,N.A.,N.A.,N.A.,N.A.,N.A.,N.A.,N.A.
9/1991 - 11/1991,,N.A.,N.A.,N.A.,N.A.,N.A.,N.A.,N.A.,N.A.,N.A.,N.A.,N.A.,N.A.,N.A.,N.A.,N.A.,N.A.,N.A.,N.A.,N.A.,N.A.,N.A.,N.A.,N.A.,N.A.,N.A.
10/1991 - 12/1991,,1770.5,1067.0,2837.6,1.1,4.2,2.3,79.2,48.1,63.7,33.6,14.1,47.8,1.9,1.3,1.7,1.9,1736.9,1052.9,2789.8,34.4,10.9,45.3,1.9,1.0,1.6
11/1991 - 1/1992,,N.A.,N.A.,N.A.,N.A.,N.A.,N.A.,N.A.,N.A.,N.A.,N.A.,N.A.,N.A.,N.A.,N.A.,N.A.,N.A.,N.A.,N.A.,N.A.,N.A.,N.A.,N.A.,N.A.,N.A.,N.A.
12/1991 - 2/1992,,N.A.,N.A.,N.A.,N.A.,N.A.,N.A.,N.A.,N.A.,N.A.,N.A.,N.A.,N.A.,N.A.,N.A.,N.A.,N.A.,N.A.,N.A.,N.A.,N.A.,N.A.,N.A.,N.A.,N.A.,N.A.
1/1992 - 3/1992,,1754.4,1031.3,2785.8,0.1,0.1,0.1,78.3,46.6,62.6,40.6,17.7,58.3,2.3,1.7,2.1,2.2,1713.8,1013.6,2727.4,44.6,17.4,62.1,2.5,1.7,2.2
2/1992 - 4/1992,,N.A.,N.A.,N.A.,N.A.,N.A.,N.A.,N.A.,N.A.,N.A.,N.A.,N.A.,N.A.,N.A.,N.A.,N.A.,N.A.,N.A.,N.A.,N.A.,N.A.,N.A.,N.A.,N.A.,N.A.,N.A.
3/1992 - 5/1992,,N.A.,N.A.,N.A.,N.A.,N.A.,N.A.,N.A.,N.A.,N.A.,N.A.,N.A.,N.A.,N.A.,N.A.,N.A.,N.A.,N.A.,N.A.,N.A.,N.A.,N.A.,N.A.,N.A.,N.A.,N.A.
4/1992 - 6/1992,,1764.4,1036.9,2801.3,1.2,-1.0,0.4,78.2,47.0,62.7,37.1,20.3,57.4,2.1,2.0,2.1,1.9,1727.3,1016.6,2743.8,46.0,15.9,62.0,2.6,1.5,2.2
5/1992 - 7/1992,,N.A.,N.A.,N.A.,N.A.,N.A.,N.A.,N.A.,N.A.,N.A.,N.A.,N.A.,N.A.,N.A.,N.A.,N.A.,N.A.,N.A.,N.A.,N.A.,N.A.,N.A.,N.A.,N.A.,N.A.,N.A.
6/1992 - 8/1992,,N.A.,N.A.,N.A.,N.A.,N.A.,N.A.,N.A.,N.A.,N.A.,N.A.,N.A.,N.A.,N.A.,N.A.,N.A.,N.A.,N.A.,N.A.,N.A.,N.A.,N.A.,N.A.,N.A.,N.A.,N.A.
7/1992 - 9/1992,,1759.3,1005.6,2765.0,0.1,-4.0,-1.5,77.9,45.6,61.9,28.4,18.0,46.4,1.6,1.8,1.7,1.6,1730.9,987.6,2718.6,39.6,12.9,52.5,2.3,1.3,1.9
8/1992 - 10/1992,,N.A.,N.A.,N.A.,N.A.,N.A.,N.A.,N.A.,N.A.,N.A.,N.A.,N.A.,N.A.,N.A.,N.A.,N.A.,N.A.,N.A.,N.A.,N.A.,N.A.,N.A.,N.A.,N.A.,N.A.,N.A.
9/1992 - 11/1992,,N.A.,N.A.,N.A.,N.A.,N.A.,N.A.,N.A.,N.A.,N.A.,N.A.,N.A.,N.A.,N.A.,N.A.,N.A.,N.A.,N.A.,N.A.,N.A.,N.A.,N.A.,N.A.,N.A.,N.A.,N.A.
10/1992 - 12/1992,,1785.9,1031.2,2817.1,0.9,-3.4,-0.7,77.8,46.0,62.1,35.0,21.5,56.5,2.0,2.1,2.0,2.4,1750.9,1009.7,2760.6,45.5,11.1,56.6,2.5,1.1,2.0
11/1992 - 1/1993,,N.A.,N.A.,N.A.,N.A.,N.A.,N.A.,N.A.,N.A.,N.A.,N.A.,N.A.,N.A.,N.A.,N.A.,N.A.,N.A.,N.A.,N.A.,N.A.,N.A.,N.A.,N.A.,N.A.,N.A.,N.A.
12/1992 - 2/1993,,N.A.,N.A.,N.A.,N.A.,N.A.,N.A.,N.A.,N.A.,N.A.,N.A.,N.A.,N.A.,N.A.,N.A.,N.A.,N.A.,N.A.,N.A.,N.A.,N.A.,N.A.,N.A.,N.A.,N.A.,N.A.
1/1993 - 3/1993,,1784.3,1049.7,2834.0,1.7,1.8,1.7,78.6,46.5,62.6,40.7,20.1,60.9,2.3,1.9,2.1,2.1,1743.5,1029.6,2773.1,35.7,10.2,45.9,2.0,1.0,1.6
2/1993 - 4/1993,,1785.7,1052.2,2838.0,N.A.,N.A.,N.A.,78.4,46.4,62.5,40.6,20.8,61.4,2.3,2.0,2.2,1.9,1745.2,1031.5,2776.6,38.6,11.4,50.1,2.2,1.1,1.8
3/1993 - 5/1993,,1788.1,1047.7,2835.9,N.A.,N.A.,N.A.,78.2,46.0,62.2,37.6,19.4,57.0,2.1,1.9,2.0,1.8,1750.5,1028.3,2778.8,42.9,13.8,56.7,2.4,1.3,2.0
4/1993 - 6/1993,,1786.2,1045.9,2832.1,1.2,0.9,1.1,78.0,45.8,62.0,35.7,21.2,56.9,2.0,2.0,2.0,1.8,1750.5,1024.6,2775.2,43.4,13.3,56.7,2.4,1.3,2.0
5/1993 - 7/1993,,1789.5,1043.8,2833.3,N.A.,N.A.,N.A.,78.1,45.7,61.9,33.4,22.9,56.3,1.9,2.2,2.0,1.9,1756.1,1020.9,2777.0,36.8,12.9,49.6,2.1,1.2,1.8
6/1993 - 8/1993,,1786.7,1048.4,2835.0,N.A.,N.A.,N.A.,77.9,45.9,62.0,32.9,22.6,55.5,1.8,2.2,2.0,1.9,1753.7,1025.8,2779.5,31.2,10.6,41.8,1.7,1.0,1.5
7/1993 - 9/1993,,1790.0,1058.3,2848.3,1.7,5.2,3.0,78.0,46.3,62.2,31.2,22.5,53.7,1.7,2.1,1.9,1.9,1758.8,1035.8,2794.6,28.1,9.5,37.6,1.6,0.9,1.3
8/1993 - 10/1993,,1793.7,1063.0,2856.6,N.A.,N.A.,N.A.,77.9,46.3,62.1,33.8,22.1,55.9,1.9,2.1,2.0,2.0,1759.8,1040.8,2800.7,31.9,10.3,42.1,1.8,1.0,1.5
9/1993 - 11/1993,,1809.8,1081.2,2891.0,N.A.,N.A.,N.A.,78.3,46.8,62.5,34.6,22.7,57.3,1.9,2.1,2.0,2.1,1775.2,1058.5,2833.7,32.0,9.5,41.5,1.8,0.9,1.4
10/1993 - 12/1993,,1818.1,1093.1,2911.2,1.8,6.0,3.3,78.2,47.0,62.6,35.3,18.4,53.7,1.9,1.7,1.8,2.1,1782.8,1074.7,2857.5,32.8,10.6,43.3,1.8,1.0,1.5
11/1993 - 1/1994,,1826.0,1102.5,2928.5,N.A.,N.A.,N.A.,78.2,47.2,62.7,35.0,16.6,51.6,1.9,1.5,1.8,2.0,1791.0,1085.9,2876.9,33.0,14.1,47.1,1.8,1.3,1.6
12/1993 - 2/1994,,1819.7,1101.3,2921.0,N.A.,N.A.,N.A.,77.7,47.0,62.4,35.8,13.6,49.3,2.0,1.2,1.7,1.8,1783.9,1087.7,2871.6,30.9,15.5,46.4,1.7,1.4,1.6
1/1994 - 3/1994,,1808.5,1095.8,2904.3,1.4,4.4,2.5,77.4,46.8,62.1,38.8,17.3,56.1,2.1,1.6,1.9,1.9,1769.7,1078.5,2848.2,33.9,15.7,49.6,1.9,1.4,1.7
2/1994 - 4/1994,,1798.1,1090.5,2888.5,0.7,3.6,1.8,77.0,46.6,61.7,37.9,16.2,54.1,2.1,1.5,1.9,1.7,1760.2,1074.3,2834.5,32.0,11.3,43.3,1.8,1.0,1.5
3/1994 - 5/1994,,1799.4,1093.2,2892.7,0.6,4.3,2.0,76.9,46.5,61.7,36.4,18.1,54.5,2.0,1.7,1.9,1.7,1763.0,1075.1,2838.1,34.2,10.5,44.6,1.9,1.0,1.5
4/1994 - 6/1994,,1811.8,1106.3,2918.0,1.4,5.8,3.0,77.2,46.9,62.0,31.3,15.7,47.1,1.7,1.4,1.6,1.5,1780.4,1090.5,2871.0,28.7,9.4,38.0,1.6,0.8,1.3
5/1994 - 7/1994,,1819.9,1111.3,2931.2,1.7,6.5,3.5,77.4,47.0,62.1,31.1,19.1,50.1,1.7,1.7,1.7,1.7,1788.8,1092.2,2881.0,25.9,9.6,35.5,1.4,0.9,1.2
6/1994 - 8/1994,,1814.0,1101.6,2915.6,1.5,5.1,2.8,77.1,46.6,61.8,34.2,22.4,56.6,1.9,2.0,1.9,1.9,1779.8,1079.2,2859.0,22.7,9.6,32.3,1.2,0.9,1.1
7/1994 - 9/1994,,1818.4,1102.8,2921.2,1.6,4.2,2.6,77.2,46.6,61.8,41.8,24.3,66.1,2.3,2.2,2.3,2.3,1776.6,1078.5,2855.1,22.6,9.6,32.1,1.2,0.9,1.1
8/1994 - 10/1994,,1822.4,1119.3,2941.7,1.6,5.3,3.0,77.2,47.1,62.1,41.7,24.5,66.3,2.3,2.2,2.3,2.2,1780.7,1094.8,2875.5,26.7,10.3,37.1,1.5,0.9,1.3
9/1994 - 11/1994,,1832.0,1134.8,2966.8,1.2,5.0,2.6,77.3,47.5,62.3,41.4,21.4,62.7,2.3,1.9,2.1,2.2,1790.7,1113.4,2904.0,31.5,9.3,40.8,1.7,0.8,1.4
10/1994 - 12/1994,,1836.6,1135.8,2972.4,1.0,3.9,2.1,77.2,47.3,62.1,38.7,16.8,55.5,2.1,1.5,1.9,2.0,1797.9,1119.0,2916.9,36.2,9.8,46.0,2.0,0.9,1.5
11/1994 - 1/1995,,1823.8,1135.0,2958.8,-0.1,2.9,1.0,76.9,47.3,62.0,42.6,17.0,59.5,2.3,1.5,2.0,2.2,1781.3,1118.0,2899.3,36.0,10.3,46.2,2.0,0.9,1.6
12/1994 - 2/1995,,1807.0,1127.4,2934.4,-0.7,2.4,0.5,76.5,47.2,61.8,48.5,18.8,67.3,2.7,1.7,2.3,2.4,1758.5,1108.6,2867.1,32.2,10.8,43.0,1.8,1.0,1.5
1/1995 - 3/1995,,1797.8,1131.3,2929.1,-0.6,3.2,0.9,76.1,47.2,61.6,52.2,25.1,77.3,2.9,2.2,2.6,2.5,1745.6,1106.2,2851.8,30.2,11.9,42.0,1.7,1.0,1.4
2/1995 - 4/1995,,1813.2,1137.1,2950.3,0.8,4.3,2.1,76.2,47.1,61.5,57.8,25.0,82.8,3.2,2.2,2.8,2.6,1755.4,1112.0,2867.5,32.9,11.8,44.7,1.8,1.0,1.5
3/1995 - 5/1995,,1834.0,1157.4,2991.3,1.9,5.9,3.4,76.5,47.5,61.9,54.4,25.8,80.2,3.0,2.2,2.7,2.5,1779.5,1131.6,2911.1,43.8,13.9,57.7,2.4,1.2,1.9
4/1995 - 6/1995,,1843.7,1165.4,3009.1,1.8,5.3,3.1,76.8,47.8,62.2,59.3,29.3,88.6,3.2,2.5,2.9,2.9,1784.4,1136.1,2920.5,50.9,12.6,63.5,2.8,1.1,2.1
5/1995 - 7/1995,,1846.0,1165.5,3011.5,1.4,4.9,2.7,76.9,47.8,62.2,58.7,37.5,96.1,3.2,3.2,3.2,3.3,1787.4,1128.0,2915.4,57.7,11.7,69.4,3.1,1.0,2.3
6/1995 - 8/1995,,1846.8,1171.2,3018.0,1.8,6.3,3.5,76.9,48.0,62.4,66.3,42.1,108.4,3.6,3.6,3.6,3.6,1780.5,1129.1,2909.6,63.1,11.9,75.0,3.4,1.0,2.5
7/1995 - 9/1995,,1846.9,1171.6,3018.4,1.6,6.2,3.3,76.7,48.0,62.2,66.9,44.1,111.0,3.6,3.8,3.7,3.7,1780.0,1127.4,2907.4,63.7,10.9,74.6,3.5,0.9,2.5
8/1995 - 10/1995,,1855.4,1178.1,3033.4,1.8,5.2,3.1,76.8,48.0,62.3,72.0,41.4,113.4,3.9,3.5,3.7,3.6,1783.4,1136.6,2920.0,59.2,11.4,70.7,3.2,1.0,2.3
9/1995 - 11/1995,,1870.1,1175.2,3045.3,2.1,3.6,2.6,77.0,47.6,62.2,73.8,39.0,112.9,3.9,3.3,3.7,3.7,1796.3,1136.1,2932.4,54.9,11.1,66.0,2.9,0.9,2.2
10/1995 - 12/1995,,1873.6,1172.6,3046.2,2.0,3.2,2.5,76.7,47.3,61.9,70.9,34.7,105.6,3.8,3.0,3.5,3.7,1802.7,1137.9,2940.6,58.2,12.7,70.9,3.1,1.1,2.3
11/1995 - 1/1996,,1878.1,1177.4,3055.5,3.0,3.7,3.3,76.6,47.2,61.8,65.9,30.4,96.2,3.5,2.6,3.1,3.4,1812.3,1147.0,2959.3,59.5,13.2,72.7,3.2,1.1,2.4
12/1995 - 2/1996,,1877.1,1185.6,3062.7,3.9,5.2,4.4,76.4,47.5,61.9,60.2,30.4,90.5,3.2,2.6,3.0,3.1,1816.9,1155.3,2972.2,55.2,12.1,67.3,2.9,1.0,2.2
1/1996 - 3/1996,,1874.5,1190.9,3065.3,4.3,5.3,4.7,76.5,47.8,62.0,64.8,27.0,91.8,3.5,2.3,3.0,2.9,1809.7,1163.9,2973.5,48.6,11.5,60.1,2.6,1.0,2.0
2/1996 - 4/1996,,1873.3,1191.7,3065.1,3.3,4.8,3.9,76.4,47.8,62.0,64.8,29.5,94.3,3.5,2.5,3.1,2.9,1808.6,1162.2,2970.8,45.3,11.0,56.3,2.4,0.9,1.8
3/1996 - 5/1996,,1876.0,1195.9,3071.9,2.3,3.3,2.7,76.2,47.8,61.9,64.9,27.4,92.4,3.5,2.3,3.0,3.0,1811.1,1168.5,2979.5,45.6,11.5,57.1,2.4,1.0,1.9
4/1996 - 6/1996,,1944.1,1247.7,3191.8,N.A.,N.A.,N.A.,75.8,47.9,61.8,62.7,30.1,92.8,3.2,2.4,2.9,2.9,1881.3,1217.7,3099.0,44.9,11.1,56.0,2.3,0.9,1.8
5/1996 - 7/1996,,1937.2,1246.6,3183.8,N.A.,N.A.,N.A.,75.5,47.8,61.5,61.1,28.5,89.6,3.2,2.3,2.8,2.9,1876.1,1218.2,3094.2,40.5,10.2,50.7,2.1,0.8,1.6
6/1996 - 8/1996,,1933.9,1244.8,3178.7,N.A.,N.A.,N.A.,75.3,47.6,61.3,58.0,29.4,87.4,3.0,2.4,2.8,2.7,1875.9,1215.3,3091.2,36.0,8.6,44.6,1.9,0.7,1.4
7/1996 - 9/1996,,1932.3,1247.1,3179.4,N.A.,N.A.,N.A.,75.1,47.6,61.3,54.7,28.3,82.9,2.8,2.3,2.6,2.6,1877.6,1218.8,3096.5,34.2,8.3,42.5,1.8,0.7,1.3
8/1996 - 10/1996,,1936.9,1249.2,3186.1,N.A.,N.A.,N.A.,75.2,47.6,61.3,52.9,28.7,81.6,2.7,2.3,2.6,2.5,1883.9,1220.6,3104.5,35.9,9.8,45.7,1.9,0.8,1.4
9/1996 - 11/1996,,1940.9,1254.8,3195.7,N.A.,N.A.,N.A.,75.3,47.8,61.4,55.7,29.3,85.0,2.9,2.3,2.7,2.6,1885.2,1225.4,3110.7,37.2,10.4,47.6,1.9,0.8,1.5
10/1996 - 12/1996,,1947.9,1258.7,3206.5,N.A.,N.A.,N.A.,75.4,47.8,61.5,52.7,29.5,82.3,2.7,2.3,2.6,2.5,1895.2,1229.1,3124.3,38.3,10.9,49.3,2.0,0.9,1.5
11/1996 - 1/1997,,1956.7,1262.6,3219.3,N.A.,N.A.,N.A.,75.7,47.8,61.6,48.9,26.2,75.1,2.5,2.1,2.3,2.5,1907.8,1236.3,3144.2,33.8,9.3,43.1,1.7,0.7,1.3
12/1996 - 2/1997,,1951.5,1265.8,3217.3,N.A.,N.A.,N.A.,75.3,47.8,61.4,45.8,23.4,69.2,2.3,1.9,2.2,2.3,1905.7,1242.3,3148.1,27.7,8.8,36.5,1.4,0.7,1.1
1/1997 - 3/1997,,1952.6,1263.5,3216.1,N.A.,N.A.,N.A.,75.3,47.7,61.3,47.5,24.0,71.5,2.4,1.9,2.2,2.3,1905.1,1239.5,3144.6,25.8,8.5,34.3,1.3,0.7,1.1
2/1997 - 4/1997,,1950.0,1268.3,3218.2,N.A.,N.A.,N.A.,75.1,47.8,61.3,49.0,24.7,73.6,2.5,1.9,2.3,2.3,1901.0,1243.6,3144.6,27.7,9.3,37.1,1.4,0.7,1.2
3/1997 - 5/1997,,1950.0,1263.3,3213.3,N.A.,N.A.,N.A.,75.1,47.5,61.1,46.6,24.2,70.8,2.4,1.9,2.2,2.2,1903.4,1239.1,3142.5,30.5,9.3,39.8,1.6,0.7,1.2
4/1997 - 6/1997,,1947.9,1265.2,3213.1,0.2,1.4,0.7,74.9,47.5,61.1,43.9,24.3,68.2,2.3,1.9,2.1,2.2,1903.9,1240.9,3144.8,29.7,9.4,39.1,1.5,0.7,1.2
5/1997 - 7/1997,,1943.7,1255.9,3199.6,0.3,0.7,0.5,74.7,47.1,60.8,44.2,25.0,69.2,2.3,2.0,2.2,2.2,1899.5,1231.0,3130.4,29.1,7.8,36.9,1.5,0.6,1.2
6/1997 - 8/1997,,1945.4,1261.4,3206.9,0.6,1.3,0.9,74.7,47.3,60.8,43.8,27.4,71.2,2.3,2.2,2.2,2.1,1901.6,1234.0,3135.7,28.8,7.6,36.4,1.5,0.6,1.1
7/1997 - 9/1997,,1947.8,1265.6,3213.3,0.8,1.5,1.1,74.7,47.3,60.9,43.5,26.0,69.6,2.2,2.1,2.2,2.1,1904.2,1239.5,3143.8,25.4,7.0,32.5,1.3,0.6,1.0
8/1997 - 10/1997,,1957.1,1289.0,3246.0,1.0,3.2,1.9,75.0,48.1,61.4,44.3,29.4,73.7,2.3,2.3,2.3,2.2,1912.7,1259.6,3172.4,24.9,7.9,32.8,1.3,0.6,1.0
9/1997 - 11/1997,,1965.5,1310.8,3276.3,1.3,4.5,2.5,75.2,48.8,61.8,46.1,28.8,74.9,2.3,2.2,2.3,2.2,1919.4,1282.0,3201.4,27.5,8.6,36.1,1.4,0.7,1.1
10/1997 - 12/1997,,1971.5,1325.4,3296.9,1.2,5.3,2.8,75.3,49.2,62.1,46.1,29.6,75.6,2.3,2.2,2.3,2.2,1925.4,1295.9,3221.3,32.5,10.1,42.5,1.6,0.8,1.3
11/1997 - 1/1998,,1964.2,1319.5,3283.7,0.4,4.5,2.0,75.1,49.0,61.8,46.0,26.5,72.5,2.3,2.0,2.2,2.4,1918.2,1293.0,3211.2,35.7,12.0,47.7,1.8,0.9,1.5
12/1997 - 2/1998,,1958.3,1307.4,3265.7,0.3,3.3,1.5,74.9,48.5,61.5,57.2,30.3,87.4,2.9,2.3,2.7,3.0,1901.1,1277.1,3178.2,38.4,13.7,52.0,2.0,1.0,1.6
1/1998 - 3/1998,,1952.5,1294.3,3246.8,[§3],2.4,1.0,74.6,48.0,61.1,70.2,35.4,105.6,3.6,2.7,3.3,3.3,1882.2,1259.0,3141.2,46.6,15.7,62.2,2.4,1.2,1.9
2/1998 - 4/1998,,1949.2,1293.2,3242.5,[§3],2.0,0.8,74.5,47.9,61.0,81.4,38.6,119.9,4.2,3.0,3.7,3.6,1867.9,1254.7,3122.6,53.5,16.7,70.2,2.7,1.3,2.2
3/1998 - 5/1998,,1948.7,1293.8,3242.5,-0.1,2.4,0.9,74.4,47.8,60.9,85.4,41.3,126.8,4.4,3.2,3.9,3.9,1863.3,1252.5,3115.7,65.7,16.8,82.5,3.4,1.3,2.5
4/1998 - 6/1998,,1951.6,1306.1,3257.7,0.2,3.2,1.4,74.4,48.2,61.1,92.1,48.2,140.3,4.7,3.7,4.3,4.3,1859.5,1257.9,3117.4,65.5,17.0,82.6,3.4,1.3,2.5
5/1998 - 7/1998,,1956.9,1310.8,3267.8,0.7,4.4,2.1,74.6,48.3,61.2,101.3,55.3,156.6,5.2,4.2,4.8,4.8,1855.6,1255.6,3111.2,67.8,17.4,85.3,3.5,1.3,2.6
6/1998 - 8/1998,,1965.1,1326.4,3291.5,1.0,5.2,2.6,74.8,48.7,61.5,108.3,62.5,170.8,5.5,4.7,5.2,4.9,1856.8,1263.9,3120.7,64.3,18.4,82.7,3.3,1.4,2.5
7/1998 - 9/1998,,1962.5,1327.7,3290.2,0.8,4.9,2.4,74.6,48.7,61.4,111.7,64.1,175.7,5.7,4.8,5.3,5.2,1850.8,1263.6,3114.5,67.1,19.1,86.2,3.4,1.4,2.6
8/1998 - 10/1998,,1963.9,1332.9,3296.8,0.4,3.4,1.6,74.6,48.8,61.4,120.0,64.8,184.7,6.1,4.9,5.6,5.4,1844.0,1268.1,3112.1,69.3,18.9,88.2,3.5,1.4,2.7
9/1998 - 11/1998,,1959.8,1335.4,3295.2,-0.3,1.9,0.6,74.4,48.8,61.3,124.4,62.8,187.2,6.3,4.7,5.7,5.5,1835.4,1272.6,3108.0,72.6,21.5,94.1,3.7,1.6,2.9
10/1998 - 12/1998,,1965.8,1343.8,3309.6,-0.3,1.4,0.4,74.5,49.0,61.5,130.7,64.0,194.6,6.6,4.8,5.9,5.9,1835.1,1279.8,3115.0,74.1,22.1,96.3,3.8,1.6,2.9
11/1998 - 1/1999,,1963.6,1349.9,3313.5,[§3],2.3,0.9,74.4,49.2,61.5,130.2,64.5,194.6,6.6,4.8,5.9,6.4,1833.4,1285.5,3118.8,77.9,23.9,101.8,4.0,1.8,3.1
12/1998 - 2/1999,,1957.3,1337.3,3294.6,-0.1,2.3,0.9,74.2,48.7,61.2,134.0,63.3,197.3,6.8,4.7,6.0,6.4,1823.3,1274.0,3097.4,74.5,21.9,96.5,3.8,1.6,2.9
1/1999 - 3/1999,,1953.5,1343.5,3296.9,0.1,3.8,1.5,74.1,48.8,61.2,142.1,62.1,204.2,7.3,4.6,6.2,6.3,1811.4,1281.4,3092.7,74.8,23.1,97.9,3.8,1.7,3.0
2/1999 - 4/1999,,1956.6,1348.6,3305.3,0.4,4.3,1.9,74.2,49.0,61.3,144.6,62.6,207.2,7.4,4.6,6.3,6.2,1812.0,1286.1,3098.0,69.4,23.5,92.9,3.5,1.7,2.8
3/1999 - 5/1999,,1962.3,1362.4,3324.7,0.7,5.3,2.5,74.3,49.4,61.6,145.1,61.6,206.7,7.4,4.5,6.2,6.2,1817.2,1300.8,3118.1,72.7,24.4,97.1,3.7,1.8,2.9
4/1999 - 6/1999,,1960.9,1365.0,3325.8,0.5,4.5,2.1,74.2,49.4,61.6,140.0,62.5,202.5,7.1,4.6,6.1,6.1,1820.9,1302.4,3123.3,70.7,23.4,94.1,3.6,1.7,2.8
5/1999 - 7/1999,,1964.5,1364.1,3328.6,0.4,4.1,1.9,74.4,49.3,61.6,143.2,64.2,207.4,7.3,4.7,6.2,6.1,1821.3,1299.9,3121.2,73.0,23.9,96.8,3.7,1.7,2.9
6/1999 - 8/1999,,1962.0,1362.8,3324.8,-0.2,2.7,1.0,74.2,49.2,61.4,142.8,68.9,211.7,7.3,5.1,6.4,6.1,1819.2,1293.9,3113.1,69.8,26.2,96.0,3.6,1.9,2.9
7/1999 - 9/1999,,1959.2,1356.6,3315.8,-0.2,2.2,0.8,74.0,48.9,61.2,143.4,71.0,214.4,7.3,5.2,6.5,6.3,1815.7,1285.7,3101.4,74.3,27.9,102.2,3.8,2.1,3.1
8/1999 - 10/1999,,1952.5,1371.7,3324.2,-0.6,2.9,0.8,73.7,49.3,61.2,141.2,74.9,216.1,7.2,5.5,6.5,6.3,1811.2,1296.8,3108.1,74.1,28.8,102.9,3.8,2.1,3.1
9/1999 - 11/1999,,1956.6,1379.2,3335.8,-0.2,3.3,1.2,73.8,49.5,61.3,141.6,74.0,215.6,7.2,5.4,6.5,6.3,1815.0,1305.2,3120.2,71.6,28.4,100.0,3.7,2.1,3.0
10/1999 - 12/1999,,1954.9,1384.9,3339.8,-0.6,3.1,0.9,73.6,49.6,61.3,136.9,71.8,208.7,7.0,5.2,6.2,6.3,1818.0,1313.1,3131.1,65.5,28.0,93.5,3.4,2.0,2.8
11/1999 - 1/2000,,1952.5,1377.7,3330.3,-0.6,2.1,0.5,73.5,49.3,61.1,128.7,64.2,192.9,6.6,4.7,5.8,6.0,1823.8,1313.5,3137.4,62.2,27.3,89.5,3.2,2.0,2.7
12/1999 - 2/2000,,1948.6,1376.1,3324.8,-0.4,2.9,0.9,73.3,49.1,60.9,125.6,64.4,190.0,6.4,4.7,5.7,5.9,1823.1,1311.7,3134.8,57.4,27.6,85.0,2.9,2.0,2.6
1/2000 - 3/2000,,1948.5,1388.6,3337.1,-0.3,3.4,1.2,73.3,49.5,61.1,119.2,63.4,182.6,6.1,4.6,5.5,5.6,1829.3,1325.2,3154.5,62.2,31.2,93.3,3.2,2.2,2.8
2/2000 - 4/2000,,1952.4,1397.7,3350.0,-0.2,3.6,1.4,73.4,49.8,61.2,115.3,64.0,179.3,5.9,4.6,5.4,5.3,1837.0,1333.7,3170.7,66.0,33.0,99.0,3.4,2.4,3.0
3/2000 - 5/2000,,1955.0,1405.8,3360.8,-0.4,3.2,1.1,73.4,50.0,61.4,107.2,60.1,167.4,5.5,4.3,5.0,5.1,1847.7,1345.7,3193.4,75.2,32.2,107.4,3.8,2.3,3.2
4/2000 - 6/2000,,1960.7,1405.3,3365.9,[§3],3.0,1.2,73.6,49.9,61.4,109.3,58.8,168.1,5.6,4.2,5.0,5.1,1851.4,1346.4,3197.8,75.2,29.0,104.3,3.8,2.1,3.1
5/2000 - 7/2000,,1966.3,1406.3,3372.6,0.1,3.1,1.3,73.7,49.8,61.4,110.9,60.1,171.0,5.6,4.3,5.1,5.0,1855.4,1346.2,3201.6,74.5,25.6,100.2,3.8,1.8,3.0
6/2000 - 8/2000,,1968.7,1412.2,3381.0,0.3,3.6,1.7,73.7,49.9,61.5,109.7,61.8,171.5,5.6,4.4,5.1,4.9,1859.0,1350.4,3209.4,70.4,23.6,94.0,3.6,1.7,2.8
7/2000 - 9/2000,,1972.5,1419.1,3391.6,0.7,4.6,2.3,73.8,50.1,61.6,106.5,60.7,167.2,5.4,4.3,4.9,4.8,1866.0,1358.4,3224.4,65.6,22.3,87.8,3.3,1.6,2.6
8/2000 - 10/2000,,1971.4,1418.0,3389.4,1.0,3.4,2.0,73.6,49.9,61.4,107.1,56.7,163.8,5.4,4.0,4.8,4.7,1864.3,1361.3,3225.5,63.0,22.5,85.4,3.2,1.6,2.5
9/2000 - 11/2000,,1973.3,1418.9,3392.2,0.9,2.9,1.7,73.6,49.8,61.4,105.2,51.1,156.3,5.3,3.6,4.6,4.5,1868.2,1367.8,3235.9,65.5,22.8,88.2,3.3,1.6,2.6
10/2000 - 12/2000,,1974.4,1427.8,3402.2,1.0,3.1,1.9,73.6,50.0,61.4,103.3,46.4,149.6,5.2,3.2,4.4,4.4,1871.2,1381.4,3252.5,66.9,21.8,88.7,3.4,1.5,2.6
11/2000 - 1/2001,,1977.1,1436.4,3413.4,1.3,4.3,2.5,73.6,50.2,61.5,97.4,45.5,142.9,4.9,3.2,4.2,4.4,1879.7,1390.9,3270.6,67.8,21.7,89.5,3.4,1.5,2.6
12/2000 - 2/2001,,1974.0,1439.5,3413.5,1.3,4.6,2.7,73.5,50.3,61.5,103.1,44.2,147.2,5.2,3.1,4.3,4.5,1870.9,1395.4,3266.2,61.3,20.8,82.1,3.1,1.4,2.4
1/2001 - 3/2001,,1964.2,1442.3,3406.5,0.8,3.9,2.1,73.1,50.3,61.4,105.1,45.0,150.1,5.3,3.1,4.4,4.5,1859.1,1397.3,3256.4,57.1,19.8,76.9,2.9,1.4,2.3
2/2001 - 4/2001,,1964.6,1446.8,3411.4,0.6,3.5,1.8,73.1,50.5,61.4,108.2,45.5,153.7,5.5,3.1,4.5,4.5,1856.4,1401.3,3257.7,53.3,20.7,74.1,2.7,1.4,2.2
3/2001 - 5/2001,,1962.3,1455.1,3417.4,0.4,3.5,1.7,73.0,50.7,61.5,106.5,46.0,152.6,5.4,3.2,4.5,4.5,1855.7,1409.1,3264.8,54.9,22.3,77.2,2.8,1.5,2.3
4/2001 - 6/2001,,1957.1,1455.6,3412.7,-0.2,3.6,1.4,72.8,50.6,61.3,103.8,49.3,153.1,5.3,3.4,4.5,4.5,1853.3,1406.3,3259.7,52.1,23.0,75.1,2.7,1.6,2.2
5/2001 - 7/2001,,1958.7,1458.8,3417.5,-0.4,3.7,1.3,72.8,50.7,61.4,108.4,52.7,161.1,5.5,3.6,4.7,4.5,1850.2,1406.1,3256.4,52.6,21.8,74.3,2.7,1.5,2.2
6/2001 - 8/2001,,1960.2,1465.4,3425.6,-0.4,3.8,1.3,72.8,50.8,61.5,113.7,58.8,172.4,5.8,4.0,5.0,4.8,1846.5,1406.6,3253.2,52.5,22.6,75.1,2.7,1.5,2.2
7/2001 - 9/2001,,1972.6,1465.5,3438.1,[§3],3.3,1.4,73.2,50.7,61.6,125.0,60.6,185.6,6.3,4.1,5.4,5.2,1847.6,1404.9,3252.5,59.0,25.1,84.1,3.0,1.7,2.4
8/2001 - 10/2001,,1968.8,1474.7,3443.5,-0.1,4.0,1.6,73.0,51.0,61.6,129.8,64.4,194.2,6.6,4.4,5.6,5.5,1839.1,1410.3,3249.4,64.1,26.2,90.3,3.3,1.8,2.6
9/2001 - 11/2001,,1970.4,1471.1,3441.5,-0.2,3.7,1.5,73.0,50.8,61.5,137.8,66.5,204.4,7.0,4.5,5.9,6.0,1832.5,1404.6,3237.1,69.1,27.9,97.0,3.5,1.9,2.8
10/2001 - 12/2001,,1965.7,1480.4,3446.1,-0.4,3.7,1.3,72.8,51.1,61.6,139.0,70.6,209.6,7.1,4.8,6.1,6.3,1826.7,1409.8,3236.5,72.7,30.5,103.2,3.7,2.1,3.0
11/2001 - 1/2002,,1962.2,1486.1,3448.3,-0.8,3.5,1.0,72.7,51.2,61.6,146.1,72.0,218.1,7.4,4.8,6.3,6.7,1816.1,1414.1,3230.2,76.8,33.5,110.4,3.9,2.3,3.2
12/2001 - 2/2002,,1956.8,1493.2,3450.0,-0.9,3.7,1.1,72.5,51.5,61.6,149.7,76.4,226.1,7.7,5.1,6.6,6.8,1807.1,1416.8,3223.9,74.3,33.5,107.7,3.8,2.2,3.1
1/2002 - 3/2002,,1954.2,1496.2,3450.4,-0.5,3.7,1.3,72.4,51.5,61.6,157.6,78.9,236.5,8.1,5.3,6.9,7.0,1796.6,1417.3,3213.9,73.9,33.8,107.7,3.8,2.3,3.1
2/2002 - 4/2002,,1952.3,1487.9,3440.2,-0.6,2.8,0.8,72.3,51.2,61.3,160.3,83.0,243.3,8.2,5.6,7.1,7.1,1792.0,1404.8,3196.8,70.8,32.4,103.1,3.6,2.2,3.0
3/2002 - 5/2002,,1954.0,1488.9,3442.9,-0.4,2.3,0.7,72.3,51.1,61.3,165.0,85.5,250.5,8.4,5.7,7.3,7.3,1789.0,1403.4,3192.4,73.2,33.3,106.5,3.7,2.2,3.1
4/2002 - 6/2002,,1954.1,1498.0,3452.1,-0.2,2.9,1.2,72.3,51.3,61.4,170.6,90.9,261.5,8.7,6.1,7.6,7.5,1783.5,1407.1,3190.7,70.1,29.1,99.2,3.6,1.9,2.9
5/2002 - 7/2002,,1968.8,1518.0,3486.8,0.5,4.1,2.0,72.9,52.0,62.0,175.5,97.2,272.8,8.9,6.4,7.8,7.5,1793.2,1420.8,3214.0,67.8,29.4,97.3,3.4,1.9,2.8
6/2002 - 8/2002,,1969.8,1528.0,3497.8,0.5,4.3,2.1,72.9,52.3,62.2,171.5,101.0,272.5,8.7,6.6,7.8,7.4,1798.4,1427.0,3225.4,71.0,29.2,100.2,3.6,1.9,2.9
7/2002 - 9/2002,,1973.7,1527.9,3501.6,0.1,4.3,1.8,73.0,52.3,62.2,167.3,99.1,266.5,8.5,6.5,7.6,7.3,1806.4,1428.7,3235.1,69.7,31.0,100.7,3.5,2.0,2.9
8/2002 - 10/2002,,1963.7,1536.3,3500.0,-0.3,4.2,1.6,72.6,52.5,62.2,162.7,95.6,258.4,8.3,6.2,7.4,7.3,1801.0,1440.6,3241.6,72.9,33.3,106.2,3.7,2.2,3.0
9/2002 - 11/2002,,1962.8,1538.2,3501.0,-0.4,4.6,1.7,72.6,52.5,62.1,157.6,94.7,252.3,8.0,6.2,7.2,7.3,1805.1,1443.5,3248.7,71.0,32.5,103.5,3.6,2.1,3.0
10/2002 - 12/2002,,1952.3,1539.7,3492.0,-0.7,4.0,1.3,72.2,52.6,62.0,159.5,91.2,250.6,8.2,5.9,7.2,7.4,1792.9,1448.5,3241.4,74.0,33.9,107.8,3.8,2.2,3.1
11/2002 - 1/2003,,1949.6,1538.6,3488.1,-0.6,3.5,1.2,72.1,52.5,61.9,158.4,84.9,243.3,8.1,5.5,7.0,7.4,1791.2,1453.6,3244.8,72.0,33.4,105.4,3.7,2.2,3.0
12/2002 - 2/2003,,1943.0,1527.6,3470.6,-0.7,2.3,0.6,72.0,52.2,61.7,169.6,83.2,252.8,8.7,5.4,7.3,7.6,1773.3,1444.5,3217.8,65.9,32.8,98.7,3.4,2.1,2.8
1/2003 - 3/2003,,1942.3,1525.0,3467.2,-0.6,1.9,0.5,72.0,52.0,61.6,168.8,87.6,256.4,8.7,5.7,7.4,7.5,1773.5,1437.3,3210.8,65.1,33.6,98.6,3.4,2.2,2.8
2/2003 - 4/2003,,1943.4,1519.9,3463.3,-0.5,2.1,0.7,72.0,51.8,61.5,178.5,91.7,270.2,9.2,6.0,7.8,7.8,1765.0,1428.1,3193.1,71.1,39.3,110.4,3.7,2.6,3.2
3/2003 - 5/2003,,1948.3,1517.7,3466.0,-0.3,1.9,0.7,72.2,51.7,61.5,187.1,96.4,283.5,9.6,6.4,8.2,8.2,1761.2,1421.3,3182.5,87.2,44.9,132.1,4.5,3.0,3.8
4/2003 - 6/2003,,1947.9,1523.0,3470.9,-0.3,1.7,0.5,72.1,51.8,61.5,197.5,99.0,296.5,10.1,6.5,8.5,8.5,1750.5,1424.0,3174.4,98.9,49.2,148.1,5.1,3.2,4.3
5/2003 - 7/2003,,1949.3,1524.5,3473.8,-1.0,0.4,-0.4,72.2,51.8,61.5,198.8,108.0,306.8,10.2,7.1,8.8,8.4,1750.5,1416.5,3167.0,100.0,46.2,146.2,5.1,3.0,4.2
6/2003 - 8/2003,,1952.4,1530.6,3483.0,-0.9,0.2,-0.4,72.3,51.9,61.6,198.0,109.7,307.7,10.1,7.2,8.8,8.4,1754.4,1420.9,3175.4,94.8,45.1,139.8,4.9,2.9,4.0
7/2003 - 9/2003,,1951.2,1522.5,3473.6,-1.1,-0.4,-0.8,72.2,51.5,61.4,191.4,105.1,296.5,9.8,6.9,8.5,8.2,1759.7,1417.4,3177.1,83.9,41.0,124.9,4.3,2.7,3.6
8/2003 - 10/2003,,1948.0,1520.2,3468.2,-0.8,-1.0,-0.9,72.0,51.4,61.2,182.9,97.5,280.5,9.4,6.4,8.1,8.0,1765.0,1422.7,3187.7,77.8,41.2,119.0,4.0,2.7,3.4
9/2003 - 11/2003,,1944.7,1525.3,3470.0,-0.9,-0.8,-0.9,71.8,51.5,61.2,171.1,91.8,262.9,8.8,6.0,7.6,7.6,1773.6,1433.5,3207.1,71.9,43.2,115.1,3.7,2.8,3.3
10/2003 - 12/2003,,1946.6,1531.7,3478.3,-0.3,-0.5,-0.4,71.8,51.6,61.2,162.1,89.0,251.1,8.3,5.8,7.2,7.5,1784.5,1442.7,3227.3,70.8,43.2,114.0,3.6,2.8,3.3
11/2003 - 1/2004,,1944.3,1531.7,3476.0,-0.3,-0.4,-0.3,71.6,51.5,61.1,157.4,85.5,242.9,8.1,5.6,7.0,7.5,1786.9,1446.2,3233.1,70.0,43.7,113.7,3.6,2.9,3.3
12/2003 - 2/2004,,1945.3,1541.1,3486.4,0.1,0.9,0.5,71.6,51.7,61.2,160.1,83.0,243.1,8.2,5.4,7.0,7.3,1785.2,1458.1,3243.3,71.7,40.4,112.1,3.7,2.6,3.2
1/2004 - 3/2004,,1949.5,1547.9,3497.3,0.4,1.5,0.9,71.7,51.8,61.3,162.8,85.1,247.9,8.4,5.5,7.1,7.2,1786.6,1462.8,3249.4,75.8,40.8,116.7,3.9,2.6,3.3
2/2004 - 4/2004,,1950.3,1545.3,3495.6,0.4,1.7,0.9,71.7,51.7,61.2,160.7,86.7,247.3,8.2,5.6,7.1,7.1,1789.6,1458.7,3248.3,77.4,40.1,117.5,4.0,2.6,3.4
3/2004 - 5/2004,,1951.0,1549.1,3500.1,0.1,2.1,1.0,71.7,51.7,61.2,154.8,87.7,242.5,7.9,5.7,6.9,6.9,1796.2,1461.4,3257.6,78.3,41.4,119.7,4.0,2.7,3.4
4/2004 - 6/2004,,1955.7,1553.9,3509.6,0.4,2.0,1.1,71.8,51.8,61.3,153.1,85.8,238.9,7.8,5.5,6.8,6.7,1802.7,1468.0,3270.7,77.7,42.5,120.1,4.0,2.7,3.4
5/2004 - 7/2004,,1960.0,1561.5,3521.5,0.5,2.4,1.4,71.9,52.0,61.5,156.4,90.1,246.5,8.0,5.8,7.0,6.6,1803.6,1471.4,3275.0,78.8,41.3,120.1,4.0,2.6,3.4
6/2004 - 8/2004,,1962.7,1566.0,3528.7,0.5,2.3,1.3,72.0,52.0,61.5,155.6,91.5,247.1,7.9,5.8,7.0,6.6,1807.1,1474.6,3281.6,76.2,40.0,116.1,3.9,2.6,3.3
7/2004 - 9/2004,,1955.1,1564.5,3519.6,0.2,2.8,1.3,71.7,51.9,61.3,155.0,92.3,247.3,7.9,5.9,7.0,6.7,1800.0,1472.3,3272.3,73.1,38.1,111.2,3.7,2.4,3.2
8/2004 - 10/2004,,1952.3,1575.9,3528.2,0.2,3.7,1.7,71.5,52.2,61.4,149.2,88.7,237.9,7.6,5.6,6.7,6.7,1803.1,1487.2,3290.3,71.3,38.6,109.9,3.7,2.4,3.1
9/2004 - 11/2004,,1951.8,1580.4,3532.2,0.4,3.6,1.8,71.4,52.3,61.4,143.6,89.9,233.6,7.4,5.7,6.6,6.7,1808.2,1490.5,3298.6,72.4,37.7,110.1,3.7,2.4,3.1
10/2004 - 12/2004,,1953.4,1583.8,3537.2,0.4,3.4,1.7,71.4,52.3,61.4,135.5,88.1,223.6,6.9,5.6,6.3,6.6,1817.9,1495.7,3313.6,68.3,39.9,108.2,3.5,2.5,3.1
11/2004 - 1/2005,,1948.0,1583.7,3531.8,0.2,3.4,1.6,71.2,52.3,61.3,127.8,82.6,210.4,6.6,5.2,6.0,6.4,1820.3,1501.1,3321.4,70.6,37.6,108.2,3.6,2.4,3.1
12/2004 - 2/2005,,1939.4,1581.1,3520.5,-0.3,2.6,1.0,70.9,52.1,61.0,129.9,75.7,205.6,6.7,4.8,5.8,6.1,1809.5,1505.5,3315.0,65.7,37.2,102.9,3.4,2.4,2.9
1/2005 - 3/2005,,1943.6,1583.0,3526.5,-0.3,2.3,0.8,71.0,52.1,61.1,132.7,73.7,206.4,6.8,4.7,5.9,6.0,1810.9,1509.3,3320.1,71.0,36.2,107.3,3.7,2.3,3.0
2/2005 - 4/2005,,1940.2,1578.8,3518.9,-0.5,2.2,0.7,70.9,51.9,60.9,136.1,69.9,206.0,7.0,4.4,5.9,5.9,1804.1,1508.9,3313.0,67.9,36.4,104.3,3.5,2.3,3.0
3/2005 - 5/2005,,1946.0,1578.5,3524.4,-0.3,1.9,0.7,71.1,51.8,60.9,132.4,68.9,201.3,6.8,4.4,5.7,5.7,1813.5,1509.6,3323.1,70.7,34.6,105.3,3.6,2.2,3.0
4/2005 - 6/2005,,1944.5,1583.4,3527.9,-0.6,1.9,0.5,71.0,51.9,60.9,132.1,69.5,201.6,6.8,4.4,5.7,5.7,1812.4,1514.0,3326.3,68.3,30.2,98.5,3.5,1.9,2.8
5/2005 - 7/2005,,1952.1,1589.3,3541.4,-0.4,1.8,0.6,71.2,52.0,61.1,137.1,76.2,213.3,7.0,4.8,6.0,5.7,1815.0,1513.1,3328.1,67.8,29.4,97.2,3.5,1.9,2.7
6/2005 - 8/2005,,1957.0,1596.0,3553.0,-0.3,1.9,0.7,71.3,52.2,61.3,134.6,77.7,212.3,6.9,4.9,6.0,5.6,1822.4,1518.2,3340.7,63.7,31.0,94.7,3.3,1.9,2.7
7/2005 - 9/2005,,1958.7,1588.2,3546.9,0.2,1.5,0.8,71.3,51.9,61.1,128.0,74.6,202.7,6.5,4.7,5.7,5.4,1830.6,1513.6,3344.2,60.6,31.8,92.4,3.1,2.0,2.6
8/2005 - 10/2005,,1961.8,1588.4,3550.3,0.5,0.8,0.6,71.4,51.8,61.0,120.3,70.2,190.5,6.1,4.4,5.4,5.3,1841.5,1518.2,3359.8,58.0,30.3,88.3,3.0,1.9,2.5
9/2005 - 11/2005,,1957.2,1588.3,3545.4,0.3,0.5,0.4,71.1,51.7,60.8,120.0,67.1,187.0,6.1,4.2,5.3,5.4,1837.2,1521.2,3358.4,57.6,28.5,86.1,2.9,1.8,2.4
10/2005 - 12/2005,,1956.0,1595.0,3551.0,0.1,0.7,0.4,71.0,51.8,60.9,115.6,62.8,178.4,5.9,3.9,5.0,5.2,1840.4,1532.2,3372.6,58.3,28.5,86.8,3.0,1.8,2.4
11/2005 - 1/2006,,1951.5,1593.4,3545.0,0.2,0.6,0.4,70.9,51.8,60.8,113.5,57.0,170.4,5.8,3.6,4.8,5.2,1838.1,1536.5,3374.5,57.3,25.7,83.0,2.9,1.6,2.3
12/2005 - 2/2006,,1946.3,1591.7,3537.9,0.4,0.7,0.5,70.8,51.8,60.8,116.5,56.0,172.5,6.0,3.5,4.9,5.1,1829.8,1535.6,3365.4,55.8,24.0,79.8,2.9,1.5,2.3
1/2006 - 3/2006,,1950.8,1601.6,3552.4,0.4,1.2,0.7,71.1,52.2,61.1,119.6,57.9,177.5,6.1,3.6,5.0,5.1,1831.2,1543.7,3374.9,58.1,22.1,80.1,3.0,1.4,2.3
2/2006 - 4/2006,,1946.4,1601.7,3548.1,0.3,1.5,0.8,70.9,52.1,61.0,118.1,58.7,176.8,6.1,3.7,5.0,5.0,1828.3,1543.0,3371.3,56.3,26.4,82.7,2.9,1.6,2.3
3/2006 - 5/2006,,1942.2,1608.0,3550.2,-0.2,1.9,0.7,70.7,52.3,61.0,111.4,59.7,171.1,5.7,3.7,4.8,4.9,1830.8,1548.4,3379.1,62.4,29.2,91.6,3.2,1.8,2.6
4/2006 - 6/2006,,1935.9,1610.2,3546.1,-0.4,1.7,0.5,70.4,52.3,60.8,113.6,62.6,176.2,5.9,3.9,5.0,4.9,1822.3,1547.6,3369.9,63.6,29.5,93.0,3.3,1.8,2.6
5/2006 - 7/2006,,1946.3,1631.2,3577.5,-0.3,2.6,1.0,70.8,52.9,61.3,114.6,70.3,184.8,5.9,4.3,5.2,4.9,1831.7,1560.9,3392.6,62.8,27.9,90.6,3.2,1.7,2.5
6/2006 - 8/2006,,1961.2,1637.9,3599.1,0.2,2.6,1.3,71.3,53.0,61.6,115.0,71.8,186.8,5.9,4.4,5.2,4.8,1846.2,1566.1,3412.3,61.3,25.5,86.8,3.1,1.6,2.4
7/2006 - 9/2006,,1962.3,1649.2,3611.5,0.2,3.8,1.8,71.2,53.2,61.7,108.3,69.4,177.6,5.5,4.2,4.9,4.6,1854.0,1579.9,3433.9,56.9,27.1,84.0,2.9,1.6,2.3
8/2006 - 10/2006,,1962.4,1647.0,3609.4,[§3],3.7,1.7,71.1,53.0,61.5,103.7,62.2,165.9,5.3,3.8,4.6,4.6,1858.7,1584.8,3443.5,59.9,27.8,87.7,3.1,1.7,2.4
9/2006 - 11/2006,,1966.0,1649.4,3615.4,0.5,3.8,2.0,71.1,53.0,61.5,101.7,56.5,158.2,5.2,3.4,4.4,4.5,1864.3,1592.9,3457.2,61.0,27.8,88.8,3.1,1.7,2.5
10/2006 - 12/2006,,1966.3,1649.8,3616.1,0.5,3.4,1.8,71.1,52.9,61.5,99.5,54.0,153.6,5.1,3.3,4.2,4.5,1866.7,1595.8,3462.6,61.4,26.1,87.5,3.1,1.6,2.4
11/2006 - 1/2007,,1962.0,1660.9,3622.9,0.5,4.2,2.2,70.9,53.2,61.5,94.9,54.7,149.6,4.8,3.3,4.1,4.5,1867.1,1606.2,3473.3,60.0,23.5,83.5,3.1,1.4,2.3
12/2006 - 2/2007,,1954.7,1656.7,3611.4,0.4,4.1,2.1,70.6,53.1,61.3,91.9,54.6,146.5,4.7,3.3,4.1,4.3,1862.8,1602.1,3464.9,57.3,22.7,80.1,2.9,1.4,2.2
1/2007 - 3/2007,,1955.4,1648.6,3604.0,0.2,2.9,1.5,70.6,52.8,61.1,96.1,56.0,152.1,4.9,3.4,4.2,4.3,1859.3,1592.6,3451.9,55.7,24.4,80.1,2.8,1.5,2.2
2/2007 - 4/2007,,1958.9,1645.8,3604.6,0.6,2.8,1.6,70.7,52.6,61.1,98.9,57.6,156.5,5.0,3.5,4.3,4.3,1859.9,1588.2,3448.1,53.6,23.4,77.0,2.7,1.4,2.1
3/2007 - 5/2007,,1955.5,1656.0,3611.4,0.7,3.0,1.7,70.5,52.9,61.2,96.9,59.0,155.9,5.0,3.6,4.3,4.3,1858.6,1596.9,3455.5,55.1,23.8,78.8,2.8,1.4,2.2
4/2007 - 6/2007,,1952.9,1668.7,3621.6,0.9,3.6,2.1,70.3,53.2,61.2,95.5,60.8,156.3,4.9,3.6,4.3,4.2,1857.4,1607.9,3465.3,58.4,22.5,81.0,3.0,1.4,2.2
5/2007 - 7/2007,,1957.6,1675.9,3633.4,0.6,2.7,1.6,70.5,53.4,61.4,97.3,61.7,159.0,5.0,3.7,4.4,4.1,1860.2,1614.2,3474.5,59.2,24.3,83.5,3.0,1.4,2.3
6/2007 - 8/2007,,1961.3,1691.3,3652.6,[§3],3.3,1.5,70.6,53.8,61.7,100.6,66.6,167.2,5.1,3.9,4.6,4.2,1860.7,1624.7,3485.4,58.4,25.8,84.2,3.0,1.5,2.3
7/2007 - 9/2007,,1961.2,1681.0,3642.2,-0.1,1.9,0.8,70.6,53.4,61.5,95.3,61.2,156.5,4.9,3.6,4.3,4.1,1865.9,1619.8,3485.7,56.0,24.4,80.4,2.9,1.5,2.2
8/2007 - 10/2007,,1951.8,1671.3,3623.1,-0.5,1.5,0.4,70.2,53.0,61.1,87.2,56.6,143.7,4.5,3.4,4.0,4.0,1864.7,1614.8,3479.4,59.1,22.8,81.9,3.0,1.4,2.3
9/2007 - 11/2007,,1948.3,1667.5,3615.8,-0.9,1.1,[§3],70.0,52.8,60.9,77.8,50.4,128.2,4.0,3.0,3.5,3.7,1870.5,1617.1,3487.6,58.6,20.7,79.3,3.0,1.2,2.2
10/2007 - 12/2007,,1955.9,1675.5,3631.3,-0.5,1.6,0.4,70.3,53.0,61.1,69.8,48.4,118.2,3.6,2.9,3.3,3.4,1886.1,1627.0,3513.1,55.2,19.3,74.5,2.8,1.2,2.1
11/2007 - 1/2008,,1955.4,1688.0,3643.4,-0.3,1.6,0.6,70.2,53.3,61.2,68.8,44.7,113.5,3.5,2.6,3.1,3.4,1886.7,1643.3,3529.9,54.9,19.6,74.5,2.8,1.2,2.0
12/2007 - 2/2008,,1950.7,1680.8,3631.6,-0.2,1.5,0.6,70.0,53.1,61.0,69.9,41.5,111.4,3.6,2.5,3.1,3.3,1880.8,1639.3,3520.1,49.9,18.2,68.1,2.6,1.1,1.9
1/2008 - 3/2008,,1942.3,1685.1,3627.4,-0.7,2.2,0.6,69.7,53.1,60.9,73.2,44.7,117.9,3.8,2.7,3.2,3.3,1869.1,1640.4,3509.5,50.3,19.4,69.7,2.6,1.2,1.9
2/2008 - 4/2008,,1942.1,1686.8,3628.8,-0.9,2.5,0.7,69.7,53.1,60.9,73.3,46.5,119.7,3.8,2.8,3.3,3.3,1868.8,1640.3,3509.1,46.5,18.6,65.1,2.4,1.1,1.8
3/2008 - 5/2008,,1939.0,1688.3,3627.3,-0.8,2.0,0.4,69.6,53.1,60.8,71.5,49.7,121.2,3.7,2.9,3.3,3.3,1867.5,1638.6,3506.1,48.5,18.4,66.9,2.5,1.1,1.8
4/2008 - 6/2008,,1938.5,1688.5,3627.0,-0.7,1.2,0.1,69.5,53.0,60.7,72.9,47.9,120.8,3.8,2.8,3.3,3.2,1865.6,1640.6,3506.3,51.0,16.8,67.8,2.6,1.0,1.9
5/2008 - 7/2008,,1941.9,1690.5,3632.5,-0.8,0.9,[§3],69.6,53.1,60.8,73.7,50.4,124.1,3.8,3.0,3.4,3.2,1868.2,1640.1,3508.4,52.6,17.3,69.9,2.7,1.0,1.9
6/2008 - 8/2008,,1948.6,1699.5,3648.1,-0.6,0.5,-0.1,69.8,53.3,61.0,77.3,51.2,128.5,4.0,3.0,3.5,3.3,1871.2,1648.3,3519.5,52.1,16.5,68.6,2.7,1.0,1.9
7/2008 - 9/2008,,1948.2,1696.6,3644.8,-0.7,0.9,0.1,69.8,53.2,60.9,79.8,53.3,133.1,4.1,3.1,3.7,3.5,1868.4,1643.3,3511.7,48.9,17.1,66.1,2.5,1.0,1.8
8/2008 - 10/2008,,1947.5,1692.2,3639.7,-0.2,1.2,0.5,69.7,52.9,60.8,78.6,52.4,130.9,4.0,3.1,3.6,3.6,1869.0,1639.8,3508.8,46.7,15.0,61.8,2.4,0.9,1.7
9/2008 - 11/2008,,1942.2,1690.9,3633.1,-0.3,1.4,0.5,69.5,52.8,60.6,82.6,53.4,136.0,4.3,3.2,3.7,3.9,1859.6,1637.5,3497.1,47.9,16.6,64.5,2.5,1.0,1.8
10/2008 - 12/2008,,1943.9,1703.3,3647.2,-0.6,1.7,0.4,69.5,53.2,60.8,86.3,54.2,140.5,4.4,3.2,3.9,4.1,1857.6,1649.1,3506.7,50.9,17.8,68.7,2.6,1.0,1.9
11/2008 - 1/2009,,1949.4,1702.2,3651.5,-0.3,0.8,0.2,69.7,53.2,60.9,98.5,58.4,156.9,5.1,3.4,4.3,4.6,1850.9,1643.8,3494.7,53.9,21.4,75.3,2.8,1.3,2.1
12/2008 - 2/2009,,1946.9,1713.2,3660.1,-0.2,1.9,0.8,69.6,53.5,61.0,110.4,61.5,171.8,5.7,3.6,4.7,5.1,1836.5,1651.8,3488.3,52.5,22.4,74.9,2.7,1.3,2.0
1/2009 - 3/2009,,1945.3,1721.4,3666.7,0.2,2.2,1.1,69.5,53.7,61.1,116.7,70.5,187.2,6.0,4.1,5.1,5.2,1828.6,1650.9,3479.5,54.4,23.5,77.9,2.8,1.4,2.1
2/2009 - 4/2009,,1942.1,1722.0,3664.1,[§3],2.1,1.0,69.4,53.6,61.0,122.8,73.7,196.5,6.3,4.3,5.4,5.3,1819.3,1648.3,3467.6,55.1,23.0,78.1,2.8,1.3,2.1
3/2009 - 5/2009,,1950.5,1727.6,3678.2,0.6,2.3,1.4,69.7,53.7,61.2,120.9,77.4,198.4,6.2,4.5,5.4,5.3,1829.6,1650.2,3479.8,61.9,22.1,84.0,3.2,1.3,2.3
4/2009 - 6/2009,,1950.9,1721.5,3672.4,0.6,2.0,1.3,69.7,53.5,61.0,125.2,76.7,201.9,6.4,4.5,5.5,5.3,1825.8,1644.8,3470.5,61.8,21.5,83.3,3.2,1.3,2.3
5/2009 - 7/2009,,1952.8,1728.3,3681.1,0.6,2.2,1.3,69.8,53.7,61.1,129.3,83.0,212.2,6.6,4.8,5.8,5.4,1823.6,1645.3,3468.9,62.8,24.9,87.6,3.2,1.4,2.4
6/2009 - 8/2009,,1953.1,1726.1,3679.2,0.2,1.6,0.9,69.7,53.5,61.0,130.1,85.5,215.6,6.7,5.0,5.9,5.5,1823.0,1640.6,3463.6,60.4,26.6,86.9,3.1,1.5,2.4
7/2009 - 9/2009,,1954.5,1719.5,3673.9,0.3,1.3,0.8,69.7,53.2,60.9,124.2,83.6,207.8,6.4,4.9,5.7,5.4,1830.2,1635.9,3466.1,62.3,26.2,88.6,3.2,1.5,2.4
8/2009 - 10/2009,,1941.8,1708.5,3650.2,-0.3,1.0,0.3,69.2,52.8,60.4,114.0,74.2,188.2,5.9,4.3,5.2,5.2,1827.7,1634.3,3462.0,63.2,24.3,87.5,3.3,1.4,2.4
9/2009 - 11/2009,,1938.2,1710.6,3648.8,-0.2,1.2,0.4,69.0,52.7,60.3,110.6,69.0,179.5,5.7,4.0,4.9,5.1,1827.6,1641.7,3469.3,65.0,23.8,88.8,3.4,1.4,2.4
10/2009 - 12/2009,,1926.3,1705.9,3632.2,-0.9,0.2,-0.4,68.5,52.6,60.0,104.8,66.6,171.4,5.4,3.9,4.7,5.0,1821.5,1639.3,3460.8,59.2,24.1,83.3,3.1,1.4,2.3
11/2009 - 1/2010,,1933.5,1705.0,3638.5,-0.8,0.2,-0.4,68.8,52.5,60.0,101.2,65.0,166.2,5.2,3.8,4.6,4.9,1832.3,1640.1,3472.4,55.3,23.4,78.8,2.9,1.4,2.2
12/2009 - 2/2010,,1927.0,1697.1,3624.1,-1.0,-0.9,-1.0,68.5,52.2,59.8,97.6,60.7,158.3,5.1,3.6,4.4,4.7,1829.4,1636.5,3465.8,51.7,24.3,76.0,2.7,1.4,2.1
1/2010 - 3/2010,,1926.7,1696.5,3623.2,-1.0,-1.4,-1.2,68.5,52.1,59.7,103.8,57.3,161.1,5.4,3.4,4.4,4.6,1822.9,1639.1,3462.1,53.9,24.3,78.3,2.8,1.4,2.2
2/2010 - 4/2010,,1917.6,1702.2,3619.8,-1.3,-1.1,-1.2,68.1,52.2,59.6,108.2,56.9,165.1,5.6,3.3,4.6,4.5,1809.3,1645.3,3454.6,51.2,24.0,75.2,2.7,1.4,2.1
3/2010 - 5/2010,,1917.0,1701.6,3618.5,-1.7,-1.5,-1.6,68.1,52.1,59.5,110.7,62.2,172.8,5.8,3.7,4.8,4.6,1806.3,1639.4,3445.7,49.8,23.5,73.3,2.6,1.4,2.0
4/2010 - 6/2010,,1923.2,1703.4,3626.7,-1.4,-1.0,-1.2,68.3,52.1,59.6,105.7,67.1,172.7,5.5,3.9,4.8,4.6,1817.5,1636.4,3453.9,48.5,23.8,72.3,2.5,1.4,2.0
5/2010 - 7/2010,,1928.1,1701.0,3629.1,-1.3,-1.6,-1.4,68.4,52.0,59.6,100.9,65.8,166.7,5.2,3.9,4.6,4.3,1827.2,1635.2,3462.4,48.3,23.7,72.0,2.5,1.4,2.0
6/2010 - 8/2010,,1938.2,1700.5,3638.7,-0.8,-1.5,-1.1,68.7,51.9,59.7,99.5,66.9,166.4,5.1,3.9,4.6,4.3,1838.7,1633.6,3472.3,47.8,22.1,69.9,2.5,1.3,1.9
7/2010 - 9/2010,,1939.8,1699.5,3639.3,-0.8,-1.2,-0.9,68.7,51.8,59.6,96.8,63.2,160.0,5.0,3.7,4.4,4.2,1842.9,1636.3,3479.3,48.2,22.6,70.8,2.5,1.3,1.9
8/2010 - 10/2010,,1936.7,1704.1,3640.8,-0.3,-0.3,-0.3,68.6,51.8,59.5,91.6,60.3,151.9,4.7,3.5,4.2,4.2,1845.1,1643.8,3488.8,48.4,21.7,70.1,2.5,1.3,1.9
9/2010 - 11/2010,,1934.7,1706.0,3640.7,-0.2,-0.3,-0.2,68.4,51.8,59.5,86.0,55.5,141.5,4.4,3.3,3.9,4.0,1848.7,1650.5,3499.2,48.3,22.6,71.0,2.5,1.3,1.9
10/2010 - 12/2010,,1937.0,1713.4,3650.4,0.6,0.4,0.5,68.5,52.0,59.6,83.1,51.5,134.6,4.3,3.0,3.7,3.9,1853.9,1662.0,3515.8,45.5,20.8,66.3,2.4,1.2,1.8
11/2010 - 1/2011,,1936.1,1726.3,3662.4,0.1,1.2,0.7,68.4,52.3,59.8,80.7,47.9,128.6,4.2,2.8,3.5,3.8,1855.5,1678.3,3533.8,46.1,20.8,66.9,2.4,1.2,1.8
12/2010 - 2/2011,,1923.6,1730.6,3654.2,-0.2,2.0,0.8,68.0,52.4,59.6,79.5,43.0,122.5,4.1,2.5,3.4,3.6,1844.0,1687.7,3531.7,42.1,19.2,61.2,2.2,1.1,1.7
1/2011 - 3/2011,,1922.2,1736.0,3658.2,-0.2,2.3,1.0,67.9,52.5,59.6,79.5,44.5,124.0,4.1,2.6,3.4,3.5,1842.7,1691.5,3534.2,46.5,19.1,65.6,2.4,1.1,1.8
2/2011 - 4/2011,,1930.7,1743.7,3674.4,0.7,2.4,1.5,68.1,52.6,59.8,82.3,49.8,132.1,4.3,2.9,3.6,3.6,1848.4,1694.0,3542.3,48.3,19.7,68.0,2.5,1.1,1.9
3/2011 - 5/2011,,1942.7,1750.6,3693.3,1.3,2.9,2.1,68.5,52.8,60.1,83.1,52.8,135.8,4.3,3.0,3.7,3.6,1859.7,1697.8,3557.5,48.1,20.5,68.7,2.5,1.2,1.9
4/2011 - 6/2011,,1944.5,1757.2,3701.7,1.1,3.2,2.1,68.5,53.0,60.1,85.0,52.7,137.6,4.4,3.0,3.7,3.6,1859.5,1704.5,3564.0,43.5,21.5,65.0,2.2,1.2,1.8
5/2011 - 7/2011,,1949.4,1765.1,3714.5,1.1,3.8,2.4,68.7,53.1,60.3,84.1,53.3,137.5,4.3,3.0,3.7,3.5,1865.2,1711.8,3577.0,43.0,21.4,64.3,2.2,1.2,1.7
6/2011 - 8/2011,,1952.3,1768.1,3720.4,0.7,4.0,2.2,68.7,53.1,60.3,78.0,52.1,130.1,4.0,2.9,3.5,3.3,1874.2,1716.1,3590.3,46.8,21.0,67.8,2.4,1.2,1.8
7/2011 - 9/2011,,1950.8,1774.0,3724.8,0.6,4.4,2.4,68.6,53.2,60.3,73.5,53.2,126.7,3.8,3.0,3.4,3.3,1877.3,1720.8,3598.1,46.3,19.4,65.7,2.4,1.1,1.8
8/2011 - 10/2011,,1948.3,1772.7,3721.0,0.6,4.0,2.2,68.4,53.1,60.1,74.3,50.5,124.8,3.8,2.8,3.4,3.3,1874.0,1722.1,3596.2,41.3,17.0,58.3,2.1,1.0,1.6
9/2011 - 11/2011,,1945.0,1778.0,3723.0,0.5,4.2,2.3,68.3,53.2,60.1,72.2,48.7,120.9,3.7,2.7,3.2,3.3,1872.8,1729.3,3602.1,39.1,15.7,54.9,2.0,0.9,1.5
10/2011 - 12/2011,,1945.8,1785.6,3731.4,0.5,4.2,2.2,68.2,53.3,60.2,71.3,45.3,116.6,3.7,2.5,3.1,3.3,1874.4,1740.4,3614.8,38.1,14.6,52.7,2.0,0.8,1.4
11/2011 - 1/2012,,1952.3,1783.2,3735.5,0.8,3.3,2.0,68.4,53.2,60.2,70.1,42.7,112.8,3.6,2.4,3.0,3.2,1882.2,1740.5,3622.7,39.1,15.8,54.9,2.0,0.9,1.5
12/2011 - 2/2012,,1960.9,1793.7,3754.5,1.9,3.6,2.7,68.6,53.4,60.4,74.8,44.5,119.3,3.8,2.5,3.2,3.4,1886.1,1749.2,3635.2,39.7,16.6,56.4,2.0,0.9,1.5
1/2012 - 3/2012,,1967.1,1793.3,3760.4,2.3,3.3,2.8,68.8,53.3,60.4,78.3,45.0,123.3,4.0,2.5,3.3,3.3,1888.8,1748.3,3637.1,40.7,18.1,58.8,2.1,1.0,1.6
2/2012 - 4/2012,,1958.9,1799.2,3758.1,1.5,3.2,2.3,68.5,53.4,60.3,76.0,48.3,124.3,3.9,2.7,3.3,3.3,1882.8,1750.9,3633.8,41.7,16.3,58.0,2.1,0.9,1.5
3/2012 - 5/2012,,1962.2,1806.5,3768.7,1.0,3.2,2.0,68.5,53.6,60.4,74.1,49.6,123.7,3.8,2.7,3.3,3.2,1888.1,1756.9,3645.0,40.6,13.8,54.4,2.1,0.8,1.4
4/2012 - 6/2012,,1964.1,1817.7,3781.8,1.0,3.4,2.2,68.5,53.8,60.6,73.9,53.2,127.1,3.8,2.9,3.4,3.3,1890.2,1764.6,3654.7,41.8,13.1,54.9,2.1,0.7,1.5
5/2012 - 7/2012,,1972.6,1819.2,3791.9,1.2,3.1,2.1,68.8,53.8,60.7,74.9,54.1,129.0,3.8,3.0,3.4,3.2,1897.7,1765.1,3662.8,41.8,15.0,56.8,2.1,0.8,1.5
6/2012 - 8/2012,,1974.1,1817.9,3792.0,1.1,2.8,1.9,68.8,53.7,60.6,74.7,56.2,130.8,3.8,3.1,3.4,3.3,1899.4,1761.7,3661.1,47.5,15.9,63.3,2.4,0.9,1.7
7/2012 - 9/2012,,1967.5,1808.8,3776.4,0.9,2.0,1.4,68.5,53.4,60.3,75.7,56.4,132.1,3.8,3.1,3.5,3.4,1891.8,1752.5,3644.3,44.6,14.8,59.4,2.3,0.8,1.6
8/2012 - 10/2012,,1968.3,1811.8,3780.1,1.0,2.2,1.6,68.5,53.4,60.3,74.7,55.2,129.9,3.8,3.0,3.4,3.4,1893.6,1756.6,3650.2,43.1,14.3,57.4,2.2,0.8,1.5
9/2012 - 11/2012,,1960.1,1816.7,3776.9,0.8,2.2,1.4,68.2,53.4,60.2,76.4,50.0,126.4,3.9,2.8,3.3,3.4,1883.8,1766.7,3650.4,38.3,15.2,53.5,2.0,0.8,1.4
10/2012 - 12/2012,,1966.8,1823.0,3789.8,1.1,2.1,1.6,68.4,53.6,60.4,72.2,44.4,116.6,3.7,2.4,3.1,3.2,1894.6,1778.6,3673.2,40.4,15.7,56.2,2.1,0.9,1.5
11/2012 - 1/2013,,1974.1,1835.0,3809.1,1.1,2.9,2.0,68.5,53.9,60.6,75.8,46.5,122.3,3.8,2.5,3.2,3.5,1898.3,1788.5,3686.8,43.9,16.0,60.0,2.2,0.9,1.6
12/2012 - 2/2013,,1978.1,1837.8,3815.9,0.9,2.5,1.6,68.7,54.0,60.7,75.2,49.5,124.7,3.8,2.7,3.3,3.5,1903.0,1788.3,3691.2,43.3,15.2,58.5,2.2,0.8,1.5
1/2013 - 3/2013,,1982.5,1850.3,3832.8,0.8,3.2,1.9,68.8,54.3,60.9,80.2,53.8,133.9,4.0,2.9,3.5,3.5,1902.3,1796.6,3698.9,45.7,14.8,60.4,2.3,0.8,1.6
2/2013 - 4/2013,,1983.3,1847.3,3830.6,1.2,2.7,1.9,68.9,54.2,60.9,80.6,53.9,134.5,4.1,2.9,3.5,3.5,1902.7,1793.4,3696.1,46.5,14.5,61.0,2.3,0.8,1.6
3/2013 - 5/2013,,1996.4,1851.9,3848.3,1.7,2.5,2.1,69.3,54.3,61.2,80.4,54.8,135.2,4.0,3.0,3.5,3.5,1916.0,1797.2,3713.1,46.2,16.6,62.8,2.3,0.9,1.6
4/2013 - 6/2013,,1998.5,1858.3,3856.7,1.8,2.2,2.0,69.4,54.4,61.3,76.9,56.5,133.3,3.8,3.0,3.5,3.4,1921.6,1801.8,3723.4,44.2,17.3,61.4,2.2,0.9,1.6
5/2013 - 7/2013,,1999.9,1862.7,3862.6,1.4,2.4,1.9,69.4,54.5,61.3,78.0,57.1,135.2,3.9,3.1,3.5,3.3,1921.9,1805.6,3727.4,42.7,16.3,59.0,2.1,0.9,1.5
6/2013 - 8/2013,,2005.6,1864.0,3869.6,1.6,2.5,2.0,69.6,54.5,61.4,76.7,59.6,136.3,3.8,3.2,3.5,3.3,1928.9,1804.4,3733.3,44.5,14.7,59.1,2.2,0.8,1.5
7/2013 - 9/2013,,2007.5,1857.3,3864.8,2.0,2.7,2.3,69.6,54.3,61.3,76.7,57.8,134.6,3.8,3.1,3.5,3.3,1930.7,1799.5,3730.2,43.3,13.5,56.8,2.2,0.7,1.5
8/2013 - 10/2013,,1998.1,1854.2,3852.3,1.5,2.3,1.9,69.2,54.1,61.0,73.9,55.9,129.8,3.7,3.0,3.4,3.3,1924.2,1798.3,3722.5,42.6,13.9,56.6,2.1,0.8,1.5
9/2013 - 11/2013,,1988.2,1854.8,3843.0,1.4,2.1,1.8,68.8,54.1,60.8,73.8,54.0,127.8,3.7,2.9,3.3,3.3,1914.4,1800.8,3715.2,41.4,13.6,55.0,2.1,0.7,1.4
10/2013 - 12/2013,,1988.7,1869.1,3857.8,1.1,2.5,1.8,68.8,54.4,61.0,69.5,49.1,118.5,3.5,2.6,3.1,3.2,1919.2,1820.0,3739.2,40.7,14.9,55.6,2.0,0.8,1.4
11/2013 - 1/2014,,1985.3,1873.4,3858.7,0.6,2.1,1.3,68.7,54.5,61.0,67.6,46.0,113.5,3.4,2.5,2.9,3.2,1917.7,1827.4,3745.2,37.7,13.6,51.3,1.9,0.7,1.3
12/2013 - 2/2014,,1972.8,1854.1,3826.9,-0.3,0.9,0.3,68.3,54.0,60.5,69.7,42.6,112.3,3.5,2.3,2.9,3.1,1903.1,1811.5,3714.6,33.0,14.0,47.0,1.7,0.8,1.2
1/2014 - 3/2014,,1963.9,1853.2,3817.0,-0.9,0.2,-0.4,68.0,53.9,60.4,73.2,45.7,119.0,3.7,2.5,3.1,3.2,1890.6,1807.4,3698.0,34.4,14.0,48.4,1.8,0.8,1.3
2/2014 - 4/2014,,1968.9,1852.2,3821.1,-0.7,0.3,-0.2,68.2,53.9,60.4,72.7,49.3,122.1,3.7,2.7,3.2,3.2,1896.1,1802.9,3699.0,37.7,16.2,53.9,1.9,0.9,1.4
3/2014 - 5/2014,,1971.6,1868.1,3839.7,-1.2,0.9,-0.2,68.1,54.2,60.5,70.3,51.8,122.2,3.6,2.8,3.2,3.2,1901.2,1816.3,3717.5,43.2,17.5,60.7,2.2,0.9,1.6
4/2014 - 6/2014,,1979.6,1871.4,3851.0,-0.9,0.7,-0.1,68.5,54.2,60.7,69.8,57.7,127.6,3.5,3.1,3.3,3.2,1909.8,1813.7,3723.5,42.8,15.4,58.3,2.2,0.8,1.5
5/2014 - 7/2014,,1992.4,1883.3,3875.7,-0.4,1.1,0.3,68.9,54.6,61.2,73.5,60.9,134.5,3.7,3.2,3.5,3.3,1918.9,1822.4,3741.3,43.3,14.5,57.7,2.2,0.8,1.5
6/2014 - 8/2014,,2003.6,1894.3,3897.9,-0.1,1.6,0.7,69.3,54.9,61.5,73.6,63.6,137.2,3.7,3.4,3.5,3.3,1930.1,1830.6,3760.7,41.7,13.3,55.0,2.1,0.7,1.4
7/2014 - 9/2014,,2001.4,1892.2,3893.6,-0.3,1.9,0.7,69.2,54.8,61.3,73.1,61.8,135.0,3.7,3.3,3.5,3.3,1928.3,1830.4,3758.7,42.1,15.2,57.3,2.1,0.8,1.5
8/2014 - 10/2014,,2001.1,1885.9,3887.0,0.1,1.7,0.9,69.1,54.6,61.2,71.9,59.4,131.3,3.6,3.2,3.4,3.3,1929.2,1826.5,3755.7,41.6,16.5,58.1,2.1,0.9,1.5
9/2014 - 11/2014,,1998.4,1887.9,3886.3,0.5,1.8,1.1,69.1,54.6,61.2,69.1,58.9,128.1,3.5,3.1,3.3,3.3,1929.2,1829.0,3758.3,45.1,17.2,62.3,2.3,0.9,1.6
10/2014 - 12/2014,,1995.7,1899.5,3895.3,0.4,1.6,1.0,68.8,54.9,61.3,65.8,56.8,122.6,3.3,3.0,3.1,3.3,1929.9,1842.7,3772.6,46.1,16.8,62.9,2.3,0.9,1.6
11/2014 - 1/2015,,1991.5,1911.0,3902.4,0.3,2.0,1.1,68.8,55.1,61.3,64.0,56.2,120.2,3.2,2.9,3.1,3.3,1927.5,1854.8,3782.3,45.4,16.3,61.7,2.3,0.9,1.6
12/2014 - 2/2015,,1990.0,1918.1,3908.1,0.9,3.5,2.1,68.6,55.2,61.3,64.0,57.4,121.4,3.2,3.0,3.1,3.3,1926.0,1860.6,3786.6,40.9,16.5,57.3,2.1,0.9,1.5
1/2015 - 3/2015,,1993.8,1914.2,3908.0,1.5,3.3,2.4,68.8,55.1,61.3,70.0,56.5,126.5,3.5,3.0,3.2,3.3,1923.8,1857.7,3781.5,38.9,14.6,53.4,1.9,0.8,1.4
2/2015 - 4/2015,,1988.3,1905.1,3893.4,1.0,2.9,1.9,68.6,54.9,61.1,68.2,59.0,127.2,3.4,3.1,3.3,3.3,1920.1,1846.1,3766.2,35.6,14.0,49.5,1.8,0.7,1.3
3/2015 - 5/2015,,1982.5,1898.7,3881.2,0.6,1.6,1.1,68.4,54.7,60.9,67.9,59.2,127.0,3.4,3.1,3.3,3.3,1914.7,1839.5,3754.1,39.4,13.7,53.0,2.0,0.7,1.4
4/2015 - 6/2015,,1989.9,1901.0,3890.9,0.5,1.6,1.0,68.6,54.7,61.0,65.5,63.7,129.2,3.3,3.4,3.3,3.3,1924.4,1837.3,3761.7,40.7,14.9,55.5,2.0,0.8,1.4
5/2015 - 7/2015,,1997.5,1907.6,3905.1,0.3,1.3,0.8,68.9,54.8,61.2,68.7,64.5,133.2,3.4,3.4,3.4,3.3,1928.8,1843.1,3771.9,43.1,13.2,56.3,2.2,0.7,1.4
6/2015 - 8/2015,,2009.6,1909.9,3919.5,0.3,0.8,0.6,69.2,54.8,61.3,72.1,65.7,137.7,3.6,3.4,3.5,3.3,1937.5,1844.2,3781.7,43.1,11.9,55.1,2.1,0.6,1.4
7/2015 - 9/2015,,2004.0,1904.2,3908.2,0.1,0.6,0.4,69.0,54.6,61.1,73.1,63.9,137.0,3.6,3.4,3.5,3.3,1930.9,1840.3,3771.3,41.5,11.7,53.2,2.1,0.6,1.4
8/2015 - 10/2015,,1997.7,1901.1,3898.8,-0.2,0.8,0.3,68.8,54.5,61.0,70.0,63.9,133.9,3.5,3.4,3.4,3.3,1927.7,1837.2,3764.9,40.8,12.8,53.6,2.0,0.7,1.4
9/2015 - 11/2015,,1995.9,1903.8,3899.7,-0.1,0.8,0.3,68.7,54.5,60.9,67.7,62.5,130.3,3.4,3.3,3.3,3.3,1928.2,1841.2,3769.4,39.1,13.3,52.4,2.0,0.7,1.3
10/2015 - 12/2015,,1991.3,1912.6,3903.9,-0.2,0.7,0.2,68.5,54.6,60.9,65.4,58.2,123.6,3.3,3.0,3.2,3.3,1925.9,1854.3,3780.2,38.8,14.3,53.1,1.9,0.7,1.4
11/2015 - 1/2016,,1989.8,1919.5,3909.3,-0.1,0.4,0.2,68.4,54.9,61.0,65.7,56.3,122.1,3.3,2.9,3.1,3.4,1924.1,1863.1,3787.2,38.3,15.1,53.3,1.9,0.8,1.4
12/2015 - 2/2016,,1989.8,1920.7,3910.5,[§3],0.1,0.1,68.5,54.9,61.1,67.8,55.1,122.9,3.4,2.9,3.1,3.4,1922.0,1865.6,3787.6,35.3,15.2,50.6,1.8,0.8,1.3
1/2016 - 3/2016,,1994.8,1919.3,3914.1,0.1,0.3,0.2,68.7,54.8,61.1,72.9,58.2,131.1,3.7,3.0,3.3,3.4,1921.9,1861.1,3783.0,36.7,16.8,53.5,1.8,0.9,1.4
2/2016 - 4/2016,,1989.0,1919.5,3908.5,[§3],0.8,0.4,68.3,54.7,60.9,76.3,58.2,134.5,3.8,3.0,3.4,3.4,1912.6,1861.3,3774.0,36.4,16.9,53.3,1.8,0.9,1.4
3/2016 - 5/2016,,1985.2,1917.3,3902.5,0.1,1.0,0.5,68.1,54.7,60.8,76.2,58.6,134.7,3.8,3.1,3.5,3.4,1909.0,1858.7,3767.8,39.8,16.6,56.4,2.0,0.9,1.4
4/2016 - 6/2016,,1993.9,1917.3,3911.2,0.2,0.9,0.5,68.4,54.6,60.9,75.7,61.1,136.9,3.8,3.2,3.5,3.4,1918.2,1856.1,3774.3,38.7,15.9,54.5,1.9,0.8,1.4
5/2016 - 7/2016,,2010.0,1912.2,3922.2,0.6,0.2,0.4,69.0,54.4,61.0,78.0,61.1,139.1,3.9,3.2,3.5,3.4,1932.0,1851.1,3783.1,39.7,16.4,56.1,2.0,0.9,1.4
6/2016 - 8/2016,,2013.0,1919.4,3932.4,0.2,0.5,0.3,69.1,54.5,61.1,79.6,62.1,141.7,4.0,3.2,3.6,3.4,1933.4,1857.4,3790.7,39.0,17.0,56.0,1.9,0.9,1.4
7/2016 - 9/2016,,2002.3,1922.8,3925.1,-0.1,1.0,0.4,68.7,54.6,61.0,78.9,61.0,139.9,3.9,3.2,3.6,3.4,1923.3,1861.8,3785.1,40.3,15.4,55.7,2.0,0.8,1.4
8/2016 - 10/2016,,1993.0,1925.8,3918.7,-0.2,1.3,0.5,68.3,54.6,60.8,74.9,61.3,136.2,3.8,3.2,3.5,3.4,1918.1,1864.4,3782.5,42.8,13.0,55.7,2.1,0.7,1.4
9/2016 - 11/2016,,1985.8,1922.3,3908.0,-0.5,1.0,0.2,68.1,54.5,60.6,71.8,59.3,131.0,3.6,3.1,3.4,3.3,1914.0,1863.0,3777.0,41.8,13.2,55.1,2.1,0.7,1.4
10/2016 - 12/2016,,1982.2,1928.9,3911.0,-0.5,0.9,0.2,67.9,54.5,60.6,68.4,54.0,122.4,3.4,2.8,3.1,3.3,1913.8,1874.8,3788.6,41.2,13.4,54.6,2.1,0.7,1.4
11/2016 - 1/2017,,1981.2,1943.2,3924.4,-0.4,1.2,0.4,67.9,54.9,60.8,65.8,55.4,121.2,3.3,2.8,3.1,3.3,1915.4,1887.8,3803.2,37.1,13.2,50.3,1.9,0.7,1.3
12/2016 - 2/2017,,1984.2,1947.4,3931.6,-0.3,1.4,0.5,68.1,55.2,61.0,68.2,53.2,121.4,3.4,2.7,3.1,3.3,1916.0,1894.2,3810.2,35.1,13.1,48.3,1.8,0.7,1.2
1/2017 - 3/2017,,1988.5,1947.2,3935.7,-0.3,1.5,0.6,68.3,55.1,61.0,71.4,55.3,126.7,3.6,2.8,3.2,3.3,1917.1,1891.9,3808.9,35.2,13.7,48.9,1.8,0.7,1.2
2/2017 - 4/2017,,1986.2,1943.6,3929.8,-0.1,1.3,0.5,68.2,54.9,60.9,71.5,55.8,127.3,3.6,2.9,3.2,3.2,1914.7,1887.8,3802.6,35.1,14.4,49.5,1.8,0.7,1.3
3/2017 - 5/2017,,1984.0,1948.6,3932.6,-0.1,1.6,0.8,68.0,55.1,60.9,71.5,56.2,127.6,3.6,2.9,3.2,3.2,1912.5,1892.5,3805.0,34.3,13.7,48.0,1.7,0.7,1.2
4/2017 - 6/2017,,1987.9,1949.5,3937.4,-0.3,1.7,0.7,68.1,55.0,61.0,69.9,55.9,125.7,3.5,2.9,3.2,3.1,1918.0,1893.7,3811.6,33.4,12.8,46.2,1.7,0.7,1.2
5/2017 - 7/2017,,1998.6,1954.4,3953.0,-0.6,2.2,0.8,68.5,55.1,61.1,72.4,57.8,130.1,3.6,3.0,3.3,3.2,1926.2,1896.6,3822.9,32.8,12.4,45.2,1.6,0.6,1.1
6/2017 - 8/2017,,2008.1,1952.4,3960.4,-0.2,1.7,0.7,68.8,55.0,61.2,70.9,60.1,131.0,3.5,3.1,3.3,3.1,1937.2,1892.2,3829.4,35.7,10.9,46.6,1.8,0.6,1.2
7/2017 - 9/2017,,2008.9,1946.3,3955.2,0.3,1.2,0.8,68.7,54.8,61.1,70.9,58.5,129.4,3.5,3.0,3.3,3.1,1938.0,1887.7,3825.8,35.1,9.7,44.8,1.7,0.5,1.1
8/2017 - 10/2017,,2007.2,1949.1,3956.3,0.7,1.2,1.0,68.6,54.8,61.0,66.2,58.1,124.3,3.3,3.0,3.1,3.0,1941.0,1891.0,3832.0,35.5,9.1,44.6,1.8,0.5,1.1
9/2017 - 11/2017,,2002.6,1953.1,3955.7,0.8,1.6,1.2,68.4,54.9,61.0,65.7,53.2,118.9,3.3,2.7,3.0,3.0,1936.9,1899.9,3836.8,32.9,9.0,41.9,1.6,0.5,1.1
10/2017 - 12/2017,,2000.2,1960.3,3960.5,0.9,1.6,1.3,68.3,55.0,61.0,59.6,50.4,110.0,3.0,2.6,2.8,2.9,1940.6,1909.9,3850.6,32.5,9.9,42.4,1.6,0.5,1.1
11/2017 - 1/2018,,2007.2,1967.0,3974.2,1.3,1.2,1.3,68.6,55.2,61.2,62.5,43.7,106.2,3.1,2.2,2.7,2.9,1944.7,1923.2,3868.0,30.5,9.5,40.0,1.5,0.5,1.0
12/2017 - 2/2018,,2011.2,1972.9,3984.1,1.4,1.3,1.3,68.7,55.3,61.3,61.8,44.7,106.5,3.1,2.3,2.7,2.9,1949.4,1928.2,3877.6,29.7,10.4,40.1,1.5,0.5,1.0
1/2018 - 3/2018,,2011.3,1976.7,3987.9,1.1,1.5,1.3,68.7,55.4,61.4,66.0,45.6,111.5,3.3,2.3,2.8,2.8,1945.3,1931.1,3876.4,29.2,9.6,38.8,1.5,0.5,1.0
2/2018 - 4/2018,,2006.3,1977.0,3983.3,1.0,1.7,1.4,68.5,55.2,61.2,63.7,49.0,112.7,3.2,2.5,2.8,2.8,1942.6,1928.0,3870.6,29.6,11.4,41.0,1.5,0.6,1.0
3/2018 - 5/2018,,2008.2,1969.4,3977.6,1.2,1.1,1.1,68.5,55.0,61.1,63.7,48.5,112.2,3.2,2.5,2.8,2.8,1944.5,1920.9,3865.4,30.3,10.7,40.9,1.5,0.5,1.0
4/2018 - 6/2018,,2004.3,1979.2,3983.5,0.8,1.5,1.2,68.4,55.3,61.2,63.7,48.8,112.4,3.2,2.5,2.8,2.8,1940.6,1930.4,3871.0,29.8,11.6,41.4,1.5,0.6,1.0
5/2018 - 7/2018,,2010.7,1980.7,3991.3,0.6,1.3,1.0,68.6,55.3,61.2,65.3,49.4,114.7,3.2,2.5,2.9,2.8,1945.4,1931.3,3876.7,34.1,9.9,44.0,1.7,0.5,1.1
6/2018 - 8/2018,,2015.7,1990.1,4005.9,0.4,1.9,1.1,68.7,55.5,61.4,65.9,51.7,117.5,3.3,2.6,2.9,2.8,1949.9,1938.5,3888.4,35.2,10.1,45.3,1.7,0.5,1.1
7/2018 - 9/2018,,2021.2,1978.7,3999.9,0.6,1.7,1.1,68.8,55.1,61.3,66.4,51.4,117.9,3.3,2.6,2.9,2.8,1954.8,1927.2,3882.0,36.9,10.1,47.0,1.8,0.5,1.2
8/2018 - 10/2018,,2019.2,1978.2,3997.4,0.6,1.5,1.0,68.7,55.0,61.1,69.5,46.7,116.2,3.4,2.4,2.9,2.8,1949.7,1931.4,3881.2,34.7,11.8,46.5,1.7,0.6,1.2
9/2018 - 11/2018,,2007.0,1980.6,3987.6,0.2,1.4,0.8,68.2,55.0,60.9,65.0,45.9,110.9,3.2,2.3,2.8,2.8,1942.1,1934.7,3876.7,33.5,12.3,45.8,1.7,0.6,1.1
10/2018 - 12/2018,,2005.9,1984.5,3990.3,0.3,1.2,0.8,68.1,55.0,60.9,62.7,43.3,106.0,3.1,2.2,2.7,2.8,1943.2,1941.2,3884.4,32.7,11.7,44.4,1.6,0.6,1.1
11/2018 - 1/2019,,2002.5,1984.4,3986.9,-0.2,0.9,0.3,68.0,55.0,60.9,61.3,40.7,102.0,3.1,2.1,2.6,2.8,1941.2,1943.7,3884.9,31.3,10.9,42.2,1.6,0.5,1.1
12/2018 - 2/2019,,1999.3,1984.3,3983.7,-0.6,0.6,[§3],67.9,55.0,60.8,62.3,40.3,102.6,3.1,2.0,2.6,2.8,1937.0,1944.0,3881.0,29.5,11.0,40.4,1.5,0.6,1.0
1/2019 - 3/2019,,1994.7,1990.8,3985.4,-0.8,0.7,-0.1,67.8,55.1,60.8,68.6,41.5,110.2,3.4,2.1,2.8,2.8,1926.0,1949.2,3875.3,28.0,11.1,39.0,1.4,0.6,1.0
2/2019 - 4/2019,,1988.7,2000.9,3989.6,-0.9,1.2,0.2,67.5,55.3,60.8,67.2,44.7,111.9,3.4,2.2,2.8,2.8,1921.5,1956.1,3877.7,27.9,10.1,38.0,1.4,0.5,1.0
3/2019 - 5/2019,,1989.5,2003.3,3992.8,-0.9,1.7,0.4,67.5,55.3,60.8,70.1,43.9,113.9,3.5,2.2,2.9,2.8,1919.5,1959.4,3878.9,29.0,10.1,39.2,1.5,0.5,1.0
4/2019 - 6/2019,,1990.1,2003.8,3993.9,-0.7,1.2,0.3,67.6,55.3,60.8,69.2,45.0,114.2,3.5,2.2,2.9,2.8,1920.9,1958.8,3879.7,30.5,10.5,41.0,1.5,0.5,1.0
5/2019 - 7/2019,,1986.8,2006.6,3993.4,-1.2,1.3,0.1,67.5,55.3,60.8,71.7,46.7,118.4,3.6,2.3,3.0,2.8,1915.1,1959.9,3875.0,29.9,10.6,40.4,1.5,0.5,1.0
6/2019 - 8/2019,,1986.0,2007.4,3993.3,-1.5,0.9,-0.3,67.4,55.3,60.7,71.2,49.1,120.2,3.6,2.4,3.0,2.9,1914.8,1958.3,3873.1,30.7,10.1,40.8,1.5,0.5,1.0
7/2019 - 9/2019,,1983.4,2005.7,3989.1,-1.9,1.4,-0.3,67.2,55.2,60.6,69.5,50.4,119.9,3.5,2.5,3.0,2.9,1913.9,1955.3,3869.2,31.4,9.9,41.3,1.6,0.5,1.0
8/2019 - 10/2019,,1985.5,2002.2,3987.7,-1.7,1.2,-0.2,67.2,55.1,60.5,73.5,51.5,125.0,3.7,2.6,3.1,3.0,1912.0,1950.6,3862.7,34.0,11.6,45.7,1.7,0.6,1.1
9/2019 - 11/2019,,1988.4,1991.8,3980.2,-0.9,0.6,-0.2,67.2,54.8,60.4,73.9,51.0,124.9,3.7,2.6,3.1,3.1,1914.5,1940.8,3855.3,34.1,12.5,46.6,1.7,0.6,1.2
10/2019 - 12/2019,,1986.2,1985.6,3971.8,-1.0,0.1,-0.5,67.1,54.6,60.2,75.3,48.7,124.1,3.8,2.5,3.1,3.3,1910.9,1936.8,3847.7,33.5,13.8,47.3,1.7,0.7,1.2
11/2019 - 1/2020,,1980.7,1978.4,3959.0,-1.1,-0.3,-0.7,67.0,54.5,60.1,73.2,49.4,122.6,3.7,2.5,3.1,3.4,1907.5,1928.9,3836.4,32.6,14.9,47.6,1.6,0.8,1.2
12/2019 - 2/2020,,1962.4,1978.0,3940.4,-1.8,-0.3,-1.1,66.5,54.5,59.9,84.3,54.9,139.2,4.3,2.8,3.5,3.8,1878.1,1923.1,3801.2,39.0,22.0,61.0,2.0,1.1,1.5
1/2020 - 3/2020,,1947.4,1973.4,3920.9,-2.4,-0.9,-1.6,66.0,54.4,59.6,97.4,68.7,166.1,5.0,3.5,4.2,4.3,1850.0,1904.8,3754.8,50.4,34.8,85.2,2.6,1.8,2.2
2/2020 - 4/2020,,1932.6,1966.2,3898.8,-2.8,-1.7,-2.3,65.6,54.3,59.3,116.1,87.1,203.2,6.0,4.4,5.2,5.2,1816.5,1879.1,3695.6,68.5,49.9,118.4,3.5,2.5,3.0
3/2020 - 5/2020,,1932.5,1960.0,3892.5,-2.9,-2.2,-2.5,65.6,54.2,59.3,134.1,98.1,232.2,6.9,5.0,6.0,5.9,1798.4,1861.9,3660.3,78.1,59.4,137.5,4.0,3.0,3.5
4/2020 - 6/2020,,1937.1,1967.8,3904.9,-2.7,-1.8,-2.2,65.8,54.4,59.6,141.2,101.8,242.9,7.3,5.2,6.2,6.1,1795.9,1866.1,3662.0,82.3,63.3,145.6,4.3,3.2,3.7
5/2020 - 7/2020,,1952.4,1967.1,3919.5,-1.7,-2.0,-1.9,66.4,54.5,59.9,147.8,96.3,244.0,7.6,4.9,6.2,6.0,1804.7,1870.8,3675.5,77.2,59.3,136.5,4.0,3.0,3.5
6/2020 - 8/2020,,1949.5,1968.1,3917.6,-1.8,-2.0,-1.9,66.4,54.6,59.9,148.5,101.2,249.7,7.6,5.1,6.4,6.1,1801.0,1866.9,3668.0,83.5,69.2,152.7,4.3,3.5,3.9
7/2020 - 9/2020,,1950.1,1954.8,3904.9,-1.7,-2.5,-2.1,66.5,54.3,59.8,152.2,103.3,255.5,7.8,5.3,6.5,6.2,1798.0,1851.5,3649.4,86.2,66.5,152.7,4.4,3.4,3.9
8/2020 - 10/2020,,1944.6,1952.3,3896.9,-2.1,-2.5,-2.3,66.4,54.3,59.7,150.9,103.0,253.9,7.8,5.3,6.5,6.3,1793.7,1849.3,3643.0,87.3,64.3,151.6,4.5,3.3,3.9
9/2020 - 11/2020,,1951.1,1953.0,3904.1,-1.9,-1.9,-1.9,66.6,54.2,59.8,146.8,94.6,241.4,7.5,4.8,6.2,6.2,1804.3,1858.4,3662.7,80.0,53.4,133.4,4.1,2.7,3.4
10/2020 - 12/2020,,1953.5,1949.3,3902.8,-1.6,-1.8,-1.7,66.6,54.1,59.7,148.0,97.9,245.9,7.6,5.0,6.3,6.6,1805.5,1851.4,3656.9,79.5,54.5,134.0,4.1,2.8,3.4
11/2020 - 1/2021,,1942.5,1951.4,3893.8,-1.9,-1.4,-1.6,66.3,54.2,59.6,150.9,102.5,253.4,7.8,5.3,6.5,7.0,1791.6,1848.9,3640.4,84.5,63.4,147.9,4.4,3.2,3.8
12/2020 - 2/2021,,1932.4,1949.6,3882.1,-1.5,-1.4,-1.5,66.1,54.2,59.6,150.7,110.1,260.8,7.8,5.6,6.7,7.2,1781.8,1839.5,3621.3,87.1,66.2,153.3,4.5,3.4,3.9
1/2021 - 3/2021,,1932.8,1955.7,3888.5,-0.8,-0.9,-0.8,66.2,54.4,59.7,152.3,108.6,260.9,7.9,5.6,6.7,6.8,1780.5,1847.2,3627.6,82.9,65.7,148.6,4.3,3.4,3.8
2/2021 - 4/2021,,1935.4,1954.2,3889.6,0.1,-0.6,-0.2,66.2,54.3,59.7,144.4,104.6,249.0,7.5,5.4,6.4,6.4,1791.0,1849.6,3640.6,69.0,57.8,126.7,3.6,3.0,3.3
3/2021 - 5/2021,,1931.6,1961.1,3892.7,[§3],0.1,[§3],66.0,54.5,59.7,139.6,95.6,235.2,7.2,4.9,6.0,6.0,1791.9,1865.5,3657.4,59.4,47.4,106.8,3.1,2.4,2.7
4/2021 - 6/2021,,1923.6,1962.0,3885.7,-0.7,-0.3,-0.5,65.7,54.5,59.6,127.7,86.8,214.5,6.6,4.4,5.5,5.4,1795.9,1875.2,3671.1,55.5,40.3,95.8,2.9,2.1,2.5
5/2021 - 7/2021,,1920.7,1963.3,3884.0,-1.6,-0.2,-0.9,65.6,54.6,59.6,122.3,76.9,199.2,6.4,3.9,5.1,4.9,1798.4,1886.4,3684.8,56.2,36.1,92.3,2.9,1.8,2.4
6/2021 - 8/2021,,1923.1,1955.4,3878.4,-1.4,-0.6,-1.0,65.7,54.4,59.5,112.5,76.3,188.8,5.9,3.9,4.9,4.6,1810.5,1879.1,3689.6,52.0,35.1,87.0,2.7,1.8,2.2
7/2021 - 9/2021,,1924.2,1949.8,3874.0,-1.3,-0.3,-0.8,65.6,54.2,59.3,106.0,75.0,181.0,5.5,3.8,4.7,4.5,1818.2,1874.9,3693.1,48.3,31.9,80.2,2.5,1.6,2.1
8/2021 - 10/2021,,1925.2,1946.0,3871.2,-1.0,-0.3,-0.7,65.5,54.0,59.2,98.4,74.3,172.6,5.1,3.8,4.5,4.3,1826.8,1871.7,3698.6,46.0,27.2,73.2,2.4,1.4,1.9
9/2021 - 11/2021,,1920.7,1940.7,3861.5,-1.6,-0.6,-1.1,65.3,53.8,59.0,92.7,67.1,159.9,4.8,3.5,4.1,4.2,1828.0,1873.6,3701.6,45.5,25.0,70.5,2.4,1.3,1.8
10/2021 - 12/2021,,1915.5,1935.4,3850.9,-1.9,-0.7,-1.3,65.2,53.7,58.9,84.2,61.0,145.2,4.4,3.2,3.8,4.0,1831.3,1874.3,3705.6,41.3,25.3,66.7,2.2,1.3,1.7
11/2021 - 1/2022,,1907.9,1929.4,3837.3,-1.8,-1.1,-1.5,65.1,53.6,58.8,80.3,57.3,137.7,4.2,3.0,3.6,3.9,1827.5,1872.1,3699.6,42.4,27.9,70.3,2.2,1.4,1.8
12/2021 - 2/2022,,1901.5,1921.6,3823.1,-1.6,-1.4,-1.5,65.0,53.5,58.7,93.9,67.9,161.8,4.9,3.5,4.2,4.5,1807.5,1853.7,3661.2,52.5,36.6,89.1,2.8,1.9,2.3
1/2022 - 3/2022,,1884.9,1908.6,3793.6,-2.5,-2.4,-2.4,64.6,53.3,58.4,112.7,76.3,189.1,6.0,4.0,5.0,5.1,1772.2,1832.3,3604.5,70.2,46.8,117.1,3.7,2.5,3.1
2/2022 - 4/2022,,1873.5,1888.1,3761.6,-3.2,-3.4,-3.3,64.4,52.9,58.1,121.3,86.4,207.7,6.5,4.6,5.5,5.5,1752.1,1801.7,3553.9,81.2,61.2,142.4,4.3,3.2,3.8
3/2022 - 5/2022,,1867.4,1876.9,3744.2,-3.3,-4.3,-3.8,64.3,52.7,57.9,113.2,79.6,192.8,6.1,4.2,5.2,5.1,1754.1,1797.3,3551.4,76.8,54.1,130.8,4.1,2.9,3.5
4/2022 - 6/2022,,1880.6,1873.7,3754.3,-2.2,-4.5,-3.4,64.7,52.6,58.0,103.8,76.4,180.2,5.5,4.1,4.8,4.7,1776.8,1797.2,3574.0,64.8,47.3,112.1,3.4,2.5,3.0
5/2022 - 7/2022,,1881.9,1888.3,3770.2,-2.0,-3.8,-2.9,64.6,52.9,58.2,99.7,70.2,169.9,5.3,3.7,4.5,4.3,1782.2,1818.1,3600.3,50.9,33.9,84.8,2.7,1.8,2.2
6/2022 - 8/2022,,1894.4,1896.3,3790.8,-1.5,-3.0,-2.3,64.8,52.9,58.3,98.2,66.4,164.6,5.2,3.5,4.3,4.1,1796.3,1829.9,3626.2,46.2,30.9,77.2,2.4,1.6,2.0
7/2022 - 9/2022,,1902.0,1906.1,3808.1,-1.2,-2.2,-1.7,64.7,52.9,58.2,94.1,64.3,158.4,4.9,3.4,4.2,4.0,1807.9,1841.8,3649.7,42.6,27.3,69.9,2.2,1.4,1.8
8/2022 - 10/2022,,1915.2,1916.8,3832.1,-0.5,-1.5,-1.0,64.8,52.9,58.2,90.5,60.0,150.5,4.7,3.1,3.9,3.8,1824.7,1856.9,3681.6,41.3,22.8,64.1,2.2,1.2,1.7
9/2022 - 11/2022,,1917.3,1926.2,3843.5,-0.2,-0.8,-0.5,64.5,52.8,58.1,84.3,56.5,140.8,4.4,2.9,3.7,3.6,1833.0,1869.6,3702.7,38.6,21.7,60.3,2.0,1.1,1.6
10/2022 - 12/2022,,1913.4,1933.9,3847.3,-0.1,-0.1,-0.1,64.3,52.9,58.0,75.8,51.5,127.2,4.0,2.7,3.3,3.5,1837.6,1882.4,3720.0,35.3,20.6,55.9,1.8,1.1,1.5
11/2022 - 1/2023,,1882.3,1898.2,3780.6,-1.3,-1.6,-1.5,64.5,52.9,58.1,70.2,48.2,118.4,3.7,2.5,3.1,3.4,1812.1,1850.1,3662.2,34.2,17.9,52.1,1.8,0.9,1.4
12/2022 - 2/2023,,1871.9,1894.1,3766.0,-1.6,-1.4,-1.5,64.2,52.8,57.9,69.6,46.1,115.7,3.7,2.4,3.1,3.3,1802.3,1848.0,3650.2,33.2,14.6,47.9,1.8,0.8,1.3
1/2023 - 3/2023,,1870.1,1899.1,3769.2,-0.8,-0.5,-0.6,64.0,52.9,57.9,69.4,45.7,115.1,3.7,2.4,3.1,3.1,1800.7,1853.4,3654.1,34.2,12.5,46.7,1.8,0.7,1.2
2/2023 - 4/2023,,1871.9,1898.3,3770.3,-0.1,0.5,0.2,63.9,52.7,57.7,69.9,44.5,114.4,3.7,2.3,3.0,3.0,1802.0,1853.9,3655.9,33.2,11.4,44.5,1.8,0.6,1.2
3/2023 - 5/2023,,1878.4,1908.6,3787.0,0.6,1.7,1.1,63.7,52.7,57.6,68.5,44.6,113.1,3.6,2.3,3.0,3.0,1809.9,1863.9,3673.8,30.7,13.7,44.4,1.6,0.7,1.2
4/2023 - 6/2023,,1888.7,1913.7,3802.4,0.4,2.1,1.3,63.6,52.5,57.5,68.8,44.8,113.6,3.6,2.3,3.0,2.9,1819.9,1868.9,3688.8,27.9,13.7,41.5,1.5,0.7,1.1
5/2023 - 7/2023,,1897.0,1922.7,3819.7,0.8,1.8,1.3,63.7,52.6,57.6,65.3,46.4,111.7,3.4,2.4,2.9,2.8,1831.7,1876.2,3708.0,26.2,14.4,40.5,1.4,0.7,1.1
6/2023 - 8/2023,,1903.3,1923.2,3826.6,0.5,1.4,0.9,63.9,52.6,57.7,62.9,49.2,112.1,3.3,2.6,2.9,2.8,1840.4,1874.1,3714.5,26.5,12.4,38.9,1.4,0.6,1.0
7/2023 - 9/2023,,1904.6 p,1929.7 p,3834.3 p,0.1 p,1.2 p,0.7 p,64.0 p,52.7 p,57.8 p,64.6 p,49.4 p,114.0 p,3.4 p,2.6 p,3.0 p,2.8 p,1840.0 p,1880.4 p,3720.3 p,26.2 p,11.7 p,37.9 p,1.4 p,0.6 p,1.0 p
 ,,,,,,,,,,,,,,,,,,,,,,,,,,
Note(s):,,,,,,,,,,,,,,,,,,,,,,,,,,
"Number of persons are rounded to the nearest hundred.Figures in the table may not add up to the total due to rounding.For annual estimates less than 1 000 and quarterly estimates less than 3 000, they should be interpreted with caution due to relatively large sampling error.Starting from 2001, annual figures are compiled based on data collected in the General Household Survey from January to December of the year concerned as well as the mid-year population estimates.",,,,,,,,,,,,,,,,,,,,,,,,,,
1 Labour force refers to the land-based non-institutional population aged 15 and over who satisfy the criteria for being classified as employed persons or unemployed persons. Inmates of institutions and persons living on board vessels are excluded.,,,,,,,,,,,,,,,,,,,,,,,,,,
2 Labour force participation rate refers to the proportion of labour force in the total land-based non-institutional population aged 15 and over.,,,,,,,,,,,,,,,,,,,,,,,,,,
"3 Unemployed persons refer to those persons aged 15 and over who fulfil the following conditions :(a) have not had a job and should not have performed any work for pay or profit during the 7 days before enumeration;(b) have been available for work during the 7 days before enumeration; and(c) have sought work during the 30 days before enumeration.However, if a person aged 15 or over fulfils the conditions (a) and (b) above but has not sought work during the 30 days before enumeration because he/she believes that work is not available, he/she is still classified as unemployed, being regarded as a so-called ""discouraged worker"".Notwithstanding the above, the following types of persons are also classified as unemployed :(a) persons without a job, have sought work but have not been available for work because of temporary sickness; and(b) persons without a job, have been available for work but have not sought work because they :(i) have made arrangements to take up a new job or to start business on a subsequent date; or(ii) were expecting to return to their original jobs. Unemployed persons with a previous job by previous industry/occupation do not include first-time job-seekers and re-entrants into the labour force who were unemployed as information on previous industry/occupation of these persons is not available.",,,,,,,,,,,,,,,,,,,,,,,,,,
4 Unemployment rate refers to the proportion of unemployed persons in the labour force.,,,,,,,,,,,,,,,,,,,,,,,,,,
"5 Unemployment rate (seasonally adjusted) refers to the unemployment rate adjusted for seasonal variations. Starting from May 2008, the seasonally adjusted unemployment rate is compiled by the X-12 ARIMA method to replace the previous X-11 ARIMA method. The seasonally adjusted unemployment rates since November 2006 - January 2007 have also been revised using the new method. Figures prior to November 2006 – January 2007 refer to the seasonally adjusted unemployment rates based on the X-11 ARIMA method. Seasonal adjustment is not applicable to annual average unemployment rates.",,,,,,,,,,,,,,,,,,,,,,,,,,
6 Employed persons refer to those persons aged 15 and over who have been engaged in performing work for pay or profit during the 7 days before enumeration or who have had formal job attachment. Unpaid family workers and persons who were on leave/holiday during the 7 days before enumeration are included.,,,,,,,,,,,,,,,,,,,,,,,,,,
"7 Underemployed persons refer to those who have involuntarily worked less than 35 hours during the 7 days before enumeration and have sought additional work during the 30 days before enumeration, or have not sought additional work but have been available for additional work during the 7 days before enumeration. Following this definition, employed persons taking no-pay leave due to slack work during the 7 days before enumeration are also classified as underemployed if they worked less than 35 hours during the 7-day period or were on leave for the whole 7-day period.",,,,,,,,,,,,,,,,,,,,,,,,,,
8 Underemployment rate refers to the proportion of underemployed persons in the labour force.,,,,,,,,,,,,,,,,,,,,,,,,,,
"9 Figures under the ""resident population"" method prior to April-June 1996 are not available.",,,,,,,,,,,,,,,,,,,,,,,,,,
N.A. Not available,,,,,,,,,,,,,,,,,,,,,,,,,,
[§3] Increase or decrease of less than 0.05%,,,,,,,,,,,,,,,,,,,,,,,,,,
p Provisional figure,,,,,,,,,,,,,,,,,,,,,,,,,,
 ,,,,,,,,,,,,,,,,,,,,,,,,,,
Source:,,,,,,,,,,,,,,,,,,,,,,,,,,
"General Household Survey Section (3),Census and Statistics Department(Enquiry telephone no. : 2887 5508 Enquiry e-mail : ghs@censtatd.gov.hk)",,,,,,,,,,,,,,,,,,,,,,,,,,
 ,,,,,,,,,,,,,,,,,,,,,,,,,,
"Release Date: 19 October, 2023",,,,,,,,,,,,,,,,,,,,,,,,,,
